{"type": "FeatureCollection", "name": "phl_hdx_areas", "crs": {"type": "name", "properties": {"name": "urn:ogc:def:crs:OGC:1.3:CRS84"}}, "features": [{"type": "Feature", "properties": {"code": "PH04", "name": "Region IV-A (Calabarzon)", "level": "region"}, "geometry": {"type": "MultiPolygon", "coordinates": [[[[122.30901167800005, 14.142115554000043], [122.29864779700006, 14.072115583000027], [122.30379789200003, 14.067382637000037], [122.33069755500003, 14.06123261700003], [122.38376856000002, 14.066641330000039], [122.43217796400006, 14.113516736000065], [122.45199363600011, 14.150213563000023], [122.79251799700012, 14.013752262000025], [122.58387379100009, 13.96181139600003], [122.55090404000009, 13.945773315000054], [122.53697040700001, 13.963727343000073], [122.53031252500011, 13.962686435000023], [122.5254980420001, 13.958068448000063], [122.53368855200006, 13.943965472000059], [122.52472539900009, 13.922746047000032], [122.50846458100011, 13.932826299000055], [122.50946176800005, 13.925841174000027], [122.48423186900004, 13.925406573000032], [122.47416486500003, 13.935867485000074], [122.44882319800001, 13.92607952800006], [122.4369711060001, 13.943905173000076], [122.41952651500003, 13.942829433000043], [122.47594188900007, 13.861869900000045], [122.48479659300006, 13.858844518000069], [122.48560219000001, 13.848332600000049], [122.50826946500001, 13.83561437800006], [122.50788544200009, 13.821095246000027], [122.52452337400007, 13.816284814000028], [122.50983998800007, 13.809699495000075], [122.51445577400011, 13.786023081000053], [122.50878771000009, 13.769443756000044], [122.52344478000009, 13.731804152000052], [122.49000143800004, 13.732850839000037], [122.48016865000011, 13.712774086000024], [122.48097114900008, 13.697219199000074], [122.50226746400006, 13.668368562000069], [122.49706499000001, 13.646851930000025], [122.54646560900005, 13.600926882000067], [122.54539489400008, 13.582048536000059], [122.57462591100011, 13.574799312000039], [122.63422480100007, 13.528953963000049], [122.6354071830001, 13.515189860000078], [122.61791855800004, 13.513439711000046], [122.58061785400002, 13.562793371000055], [122.5649292920001, 13.563009350000073], [122.57528100800005, 13.535306802000036], [122.60070454200002, 13.522051275000024], [122.60543808000011, 13.498198290000062], [122.65068690900011, 13.445383583000023], [122.67662059600002, 13.37938967100007], [122.68265131400005, 13.29109399600003], [122.67674480400001, 13.27469076500006], [122.69101056400007, 13.267999849000034], [122.7028230620001, 13.224825316000022], [122.6591703900001, 13.209385805000068], [122.62421221000011, 13.172307568000065], [122.59909323700003, 13.161974757000053], [122.56464192300007, 13.178826008000044], [122.54063698700008, 13.21836458200005], [122.50455300500005, 13.243621604000055], [122.51630454500003, 13.258621384000037], [122.51085070200008, 13.27148293600004], [122.52332450000006, 13.280296465000049], [122.50999866400002, 13.295377214000041], [122.5216423380001, 13.303479096000046], [122.51885024400008, 13.343179445000033], [122.49724769800002, 13.374238912000067], [122.48777855900005, 13.410557565000033], [122.41329320800003, 13.483941080000022], [122.40185701500002, 13.524247646000049], [122.36621452700001, 13.548279956000044], [122.35415702400007, 13.546702779000043], [122.33255830300004, 13.559174807000034], [122.33823192000011, 13.573905616000047], [122.32175913100002, 13.590393050000046], [122.28951051000001, 13.591353171000037], [122.28025184600006, 13.574426499000026], [122.26157914100008, 13.581013356000028], [122.27816140000004, 13.593082125000024], [122.26718864000009, 13.606513561000043], [122.23868457600008, 13.596722236000062], [122.21757088300001, 13.607889950000072], [122.20790988500005, 13.602217060000044], [122.19890075700005, 13.620442940000032], [122.20255540200003, 13.637620832000039], [122.18116884500012, 13.669253758000025], [122.17390228300007, 13.669701184000076], [122.17301966700006, 13.684827609000024], [122.15074087300002, 13.719923678000043], [122.14543540300008, 13.712877623000054], [122.13771419700004, 13.720277255000042], [122.13295800700007, 13.745300500000042], [122.10137815300004, 13.770157063000056], [122.09861132600008, 13.785267875000045], [122.09065712000006, 13.779775087000075], [122.07701390800003, 13.792385856000067], [122.07411321500001, 13.780336533000025], [122.05338165500007, 13.775648329000035], [122.02298726100003, 13.798248561000037], [122.02813928800003, 13.806784578000077], [122.01546384400001, 13.800854729000037], [122.00633381000011, 13.809498093000059], [121.98064205300011, 13.805884823000042], [121.97656402000007, 13.820989117000067], [121.9824374640001, 13.829125017000024], [121.97532501800004, 13.84048830200004], [121.89028125200002, 13.862186997000038], [121.88344372200004, 13.890486180000039], [121.87186996200012, 13.896514172000025], [121.85536424400004, 13.88519995400003], [121.84985211500009, 13.90202658000004], [121.84355620600002, 13.890788393000037], [121.83377589200006, 13.902606192000064], [121.82537317900005, 13.891733632000069], [121.82892529500009, 13.899353743000063], [121.80962687100009, 13.913554781000073], [121.81807314000002, 13.927874916000064], [121.81376450000005, 13.943671970000025], [121.78979886200011, 13.949376235000045], [121.78419483300002, 13.939236727000036], [121.75039688700008, 13.968875400000059], [121.71380014400006, 13.970787488000042], [121.68863893600007, 13.949935603000029], [121.70821996200004, 13.922247691000052], [121.67996701900006, 13.92371120200005], [121.66740528200012, 13.91192562200007], [121.62409398200009, 13.907556578000026], [121.61618174400007, 13.900310894000029], [121.6156239500001, 13.89537848200007], [121.61773246100006, 13.892468864000023], [121.61844822100011, 13.890701264000029], [121.6181869180001, 13.89031540600007], [121.60253540400004, 13.899003583000024], [121.5721000320001, 13.884008760000029], [121.57555996400004, 13.875405691000026], [121.57451113200011, 13.873498580000046], [121.56998684000007, 13.88252245700005], [121.4778082250001, 13.841938854000034], [121.43947095500005, 13.794334999000057], [121.4324404780001, 13.764619125000024], [121.43935409400001, 13.734052966000036], [121.45167255800004, 13.722903356000074], [121.44268921700007, 13.695887114000072], [121.45741070300005, 13.701479028000051], [121.47126490300002, 13.68727715700004], [121.43493312200007, 13.659542688000045], [121.41919526100003, 13.654694929000073], [121.4090775410001, 13.667337176000046], [121.3887427190001, 13.670366222000041], [121.33644209700003, 13.64280124000004], [121.31277833100012, 13.612488624000036], [121.28548723800009, 13.596989127000029], [121.25936584500005, 13.597865702000036], [121.2332565160001, 13.627795713000069], [121.20484415600004, 13.627296115000036], [121.18030633100011, 13.645074779000026], [121.0777207640001, 13.61886630400005], [121.06958473000009, 13.630870551000044], [121.03593067300005, 13.634517177000077], [121.05337448700004, 13.665884689000052], [121.04898349300004, 13.69327118900003], [121.0606806400001, 13.708141778000027], [121.06016673900001, 13.738544390000072], [121.0421182990001, 13.750763391000078], [121.04275526000004, 13.766517362000059], [121.03773556700003, 13.762184177000051], [121.01211689600007, 13.778767641000059], [120.98026083700006, 13.78272971000007], [120.96335771300005, 13.771982123000043], [120.91738559800001, 13.699869628000044], [120.89229974300008, 13.683143501000075], [120.87338905100012, 13.719511616000034], [120.9068774970001, 13.755375567000044], [120.92638705200011, 13.758065496000029], [120.92845353400003, 13.779915285000072], [120.90163208400008, 13.821868144000064], [120.91526739000005, 13.830097026000033], [120.91334930000005, 13.87356765800007], [120.8786935820001, 13.901967501000058], [120.74331584400011, 13.93622027300006], [120.72764347300006, 13.925553254000022], [120.71291530500002, 13.926215726000066], [120.69750751600009, 13.892656917000068], [120.72269216400002, 13.84888681600006], [120.712101028, 13.839910987000053], [120.68675044300005, 13.854447920000041], [120.65659155600008, 13.85674152300004], [120.65167045200008, 13.829856969000048], [120.67613283700007, 13.788852983000027], [120.66508122400012, 13.770294739000065], [120.65037356700009, 13.772172458000057], [120.63114190700003, 13.807176041000048], [120.62137359200005, 13.81119910700005], [120.63083011300012, 13.821117748000063], [120.6220965660001, 13.821541358000047], [120.61806105000005, 13.835449974000028], [120.62403132600002, 13.846401085000025], [120.61666260100003, 13.882080655000038], [120.6257071660001, 13.896713437000074], [120.61233545000005, 13.939698387000021], [120.61870491400009, 13.95481043600006], [120.60272388500005, 13.974083583000038], [120.60403779400008, 13.979220069000064], [120.61208507300012, 13.968243548000032], [120.62515285200004, 13.968729266000025], [120.63222438100001, 13.983069947000047], [120.62274432900006, 13.995436802000029], [120.62658408000004, 14.003862021000032], [120.61546962700004, 14.012397763000024], [120.61430994600005, 14.03253516600006], [120.62218670200002, 14.038398900000061], [120.62519928300003, 14.05887735500005], [120.6178855930001, 14.103398261000052], [120.62406746800002, 14.109357846000023], [120.61711106000007, 14.117894370000045], [120.59279155600007, 14.119448360000035], [120.58994792300007, 14.128024268000047], [120.59536708200005, 14.128398194000056], [120.59615247900001, 14.130368905000068], [120.56833634500003, 14.13458533100004], [120.59327323100001, 14.13307071500003], [120.58636482300005, 14.143701796000073], [120.6099353410001, 14.145538643000066], [120.60478530000012, 14.155714760000023], [120.5850322870001, 14.156996890000073], [120.59661316200004, 14.162103328000057], [120.59047543800011, 14.168445847000044], [120.57541243800006, 14.170900767000035], [120.60564893800006, 14.174057446000063], [120.61341428200001, 14.178083332000028], [120.60757102700006, 14.185825714000032], [120.59392358800005, 14.180324562000067], [120.59744521700009, 14.189284371000042], [120.58295833700004, 14.193582080000056], [120.58637348500008, 14.195979138000041], [120.58372267900006, 14.203974282000047], [120.5925464280001, 14.202865092000025], [120.59488577100001, 14.209945254000047], [120.58399085200006, 14.211956752000049], [120.59076065700003, 14.219043635000048], [120.58776613000009, 14.229512258000057], [120.60102283100002, 14.22012501100005], [120.60829731700005, 14.229126123000071], [120.62257931900001, 14.222315689000027], [120.62279323500002, 14.26672407500007], [120.63061396900002, 14.272212275000072], [120.63458764400002, 14.265468442000042], [120.64319319800006, 14.27896617500005], [120.64930842600006, 14.273798374000023], [120.65537656300012, 14.285716666000042], [120.65783194000005, 14.277968091000048], [120.66226495600006, 14.28505797300005], [120.67857403300002, 14.27980049200005], [120.71015800500004, 14.29169965400007], [120.7121096840001, 14.286540135000052], [120.71466510300002, 14.286536253000065], [120.73221623000006, 14.316260098000043], [120.76864946, 14.331668028000024], [120.79113182300011, 14.361325531000034], [120.83691736200001, 14.395685000000071], [120.84607402800009, 14.417528511000057], [120.87149791400009, 14.430924067000035], [120.89305208500002, 14.491182428000059], [120.91198156500002, 14.500226307000048], [120.91775957800007, 14.49901669600007], [120.91903429700005, 14.495800721000023], [120.90312482200011, 14.484396041000025], [120.91711700500002, 14.484270105000064], [120.92097607100004, 14.480752193000058], [120.89703915400003, 14.475310687000047], [120.88493080700005, 14.46005587600007], [120.8896082220001, 14.450550798000052], [120.90042566700004, 14.457418504000032], [120.9020315250001, 14.448567964000063], [120.90559330000008, 14.457783328000062], [120.91342875100008, 14.449426447000064], [120.92295259500008, 14.460148752000066], [120.91940754600012, 14.467669730000068], [120.92700375700008, 14.460790605000057], [120.9701566110001, 14.475500013000044], [120.96992547900004, 14.446625819000076], [121.01161116900005, 14.380260945000032], [121.00689103200011, 14.353943146000063], [121.01945223300004, 14.353054343000053], [121.02927848000002, 14.365855122000028], [121.04848403300002, 14.367288803000065], [121.0573845020001, 14.37863958500003], [121.06881298400003, 14.361372481000046], [121.09077719900006, 14.356187723000062], [121.09358202100009, 14.34181820200007], [121.12429707800004, 14.31735225500006], [121.1294306320001, 14.29666626200003], [121.16284849400006, 14.268534699000043], [121.17320074600002, 14.237968588000058], [121.18408701300007, 14.235964998000043], [121.19206740200002, 14.215920121000067], [121.18497521400002, 14.212075264000077], [121.18456480200007, 14.196615874000031], [121.17802373100005, 14.197021815000028], [121.18248026200001, 14.186374990000047], [121.20598716000006, 14.186962449000077], [121.21329140600005, 14.178441531000033], [121.23320685100009, 14.187798884000074], [121.23708696500012, 14.198157195000022], [121.2621064430001, 14.18945059500004], [121.28906370100003, 14.194099795000056], [121.30403818800005, 14.203344473000072], [121.31573633400001, 14.227904882000075], [121.34350766300008, 14.243276902000048], [121.350264734, 14.259664303000022], [121.39706485200009, 14.28567382700004], [121.40098557100009, 14.301851902000067], [121.40885057800006, 14.300401414000078], [121.41424428000005, 14.305611869000074], [121.41701809300002, 14.288183656000058], [121.43991096700006, 14.28946863300007], [121.42383248100009, 14.304446393000035], [121.43591781300006, 14.300615282000024], [121.44107038200002, 14.320158425000045], [121.43985924300011, 14.324895108000021], [121.41802922700003, 14.333548509000025], [121.42869360300006, 14.343979226000044], [121.43763734200002, 14.33600296800006], [121.44053373200006, 14.346161410000036], [121.4562679280001, 14.331673591000026], [121.45434259500007, 14.325397172000066], [121.46429662600008, 14.324156731000073], [121.46501036500001, 14.322321420000037], [121.46090313000002, 14.32070354800004], [121.45836849200009, 14.314719793000052], [121.47346211900003, 14.317128560000072], [121.47927458000004, 14.35084293600005], [121.47342802900005, 14.371872782000025], [121.45922571200003, 14.388505806000069], [121.44932084600009, 14.389472177000073], [121.45139225600008, 14.39682461600006], [121.43464711800004, 14.39240303400004], [121.4329674060001, 14.405779249000034], [121.42751182200004, 14.394983515000035], [121.43211192700005, 14.38730121900005], [121.41580472700002, 14.397419698000022], [121.40906299800008, 14.391350805000059], [121.39804749500001, 14.35055427900005], [121.35853080800007, 14.332750520000047], [121.32442450700012, 14.294713718000025], [121.30865646400002, 14.288267806000022], [121.30495041400002, 14.327248981000025], [121.3201091730001, 14.340966083000069], [121.33884720800006, 14.413015950000045], [121.32510470500006, 14.46085707900005], [121.3029606670001, 14.46915457700004], [121.30132633200003, 14.484151828000051], [121.28071828400005, 14.484006331000046], [121.27293918700002, 14.505172038000069], [121.25832947600009, 14.50390143800007], [121.25595791500007, 14.495043011000064], [121.24203842400004, 14.502582748000066], [121.23181801700002, 14.484581071000036], [121.23508200200001, 14.47308287900006], [121.2203872230001, 14.47389143600003], [121.22233477300006, 14.42317487400004], [121.21588996600008, 14.411446136000052], [121.20300597200003, 14.448250361000078], [121.18277646700005, 14.46428207300005], [121.18476833500006, 14.483051347000071], [121.16314161900004, 14.511493501000075], [121.14563852000003, 14.514171146000024], [121.13884003200008, 14.535651631000064], [121.11844054200003, 14.530700796000076], [121.11728887400011, 14.515406029000076], [121.10225888600007, 14.517205001000036], [121.10972207600003, 14.546624930000064], [121.09589522800002, 14.563931524000054], [121.1090688060001, 14.581016025000054], [121.10345673100005, 14.588897737000025], [121.11045450000006, 14.592334529000027], [121.10166670000001, 14.616932567000049], [121.10549838300005, 14.632654354000067], [121.13001300700012, 14.634344953000038], [121.13503641400007, 14.65766351800005], [121.13107957900002, 14.667950382000072], [121.10670234300005, 14.675499389000038], [121.11161186300001, 14.695953082000074], [121.12010187400006, 14.698593123000023], [121.11599242800003, 14.709234545000072], [121.12375939200001, 14.707338821000064], [121.13146900000004, 14.723613300000068], [121.11805757700006, 14.729549361000068], [121.11776424000004, 14.746158470000069], [121.1349717920001, 14.776730445000055], [121.12119922200009, 14.77602956000004], [121.10491462400012, 14.762656063000065], [121.09950513400008, 14.76921105100007], [121.12696550500004, 14.787478795000027], [121.13733236200005, 14.803775250000058], [121.15052962900006, 14.801784266000027], [121.16528463600002, 14.823417534000043], [121.20975380800007, 14.818032693000077], [121.22106455700009, 14.81971199000003], [121.22169554600009, 14.834210990000031], [121.25299686000005, 14.829226647000041], [121.33290834400009, 14.83915042500007], [121.33820501800005, 14.947222596000074], [121.35710532600001, 15.011749193000071], [121.35633009800006, 15.02750039600005], [121.34476914000004, 15.040210904000048], [121.36168856300003, 15.073877483000047], [121.37002309100001, 15.070885085000043], [121.37647404400002, 15.08051352900003], [121.37400455200009, 15.095887405000042], [121.39541639100003, 15.104844096000022], [121.40140165600008, 15.13450335500005], [121.39660814800004, 15.146318106000024], [121.40389057100003, 15.152887102000022], [121.39494846500008, 15.16340654000004], [121.38466816800008, 15.15559758300003], [121.38046702200006, 15.168480773000056], [121.4018443550001, 15.172192895000023], [121.40809682500003, 15.18293699800006], [121.40232335200005, 15.20370125200003], [121.4171205020001, 15.216888696000069], [121.42738200800011, 15.207256526000037], [121.43769370400003, 15.209459939000055], [121.44799711500002, 15.196360250000055], [121.46275567800001, 15.20113282400007], [121.48082561300009, 15.18063332500003], [121.49503484700006, 15.136282644000062], [121.50607427000011, 15.055111064000073], [121.54391060400008, 15.01029205900005], [121.57296743800009, 14.947826298000052], [121.5816605760001, 14.890369400000054], [121.61360805100003, 14.852944953000076], [121.60210874300003, 14.827585130000045], [121.62416668500009, 14.792952607000075], [121.65580933900003, 14.78077926700007], [121.64956000400002, 14.775466270000038], [121.65859050000006, 14.775759654000069], [121.65953130000003, 14.76596240200007], [121.71039459000008, 14.725729475000037], [121.73438997300002, 14.695619932000056], [121.72372561500003, 14.690653115000032], [121.70195966500012, 14.703307162000044], [121.678415201, 14.702057872000069], [121.67620960900001, 14.699705164000022], [121.67847562000009, 14.696195093000028], [121.67897894100008, 14.70152497600003], [121.69093568700009, 14.698668316000067], [121.67361264800002, 14.693014637000033], [121.67134080800008, 14.696105115000023], [121.66760574600005, 14.695116519000067], [121.66568220200008, 14.689919230000044], [121.6700182410001, 14.694701028000054], [121.67158618300004, 14.691547568000033], [121.66292885300004, 14.688808148000078], [121.63583572300001, 14.663793061000035], [121.62545633200011, 14.65748544400003], [121.62082096900008, 14.65897332700007], [121.61977166700001, 14.663815513000031], [121.62584847700009, 14.658804403000033], [121.62750674900008, 14.666684359000044], [121.63273486700007, 14.663470468000071], [121.63743510600011, 14.666968516000054], [121.6238138440001, 14.672648258000038], [121.62557713700005, 14.678094767000061], [121.6160895050001, 14.676971990000027], [121.62110758200004, 14.680475953000041], [121.61980403900009, 14.685947707000025], [121.60377247500003, 14.651903466000022], [121.61257267200006, 14.611765709000053], [121.60862523000003, 14.599226437000027], [121.6251026540001, 14.567561511000065], [121.62486823800009, 14.516682824000043], [121.64328059400009, 14.483684614000026], [121.65865646000009, 14.401156308000054], [121.72766815900002, 14.326294499000028], [121.73461826100004, 14.297661761000029], [121.72858719400006, 14.27405833000006], [121.75827330000004, 14.247258758000044], [121.76170684100009, 14.228713950000042], [121.75240975200006, 14.220012960000076], [121.75390661300003, 14.204293986000039], [121.7338640370001, 14.191214333000062], [121.729639012, 14.177372757000057], [121.74884068100005, 14.145731341000044], [121.88321557000006, 14.041682187000049], [121.90718394100008, 14.011143154000024], [121.91164063300005, 14.015271693000045], [121.90825286300003, 14.010513917000026], [121.94551378900007, 13.988508342000046], [121.991924702, 13.976443496000059], [122.03559664200009, 13.947653486000036], [122.09444036100001, 13.931890077000048], [122.09833875600009, 13.922604766000063], [122.11191195200001, 13.92645956900003], [122.1388358050001, 13.912695023000026], [122.1528096400001, 13.920283880000056], [122.18935977800004, 13.915509963000034], [122.23141412900009, 13.894815571000038], [122.24568649500009, 13.91850809600004], [122.24366136600008, 13.943020733000026], [122.22211241800005, 13.942598517000022], [122.20809839100002, 13.953067402000045], [122.18174390900003, 13.993851267000025], [122.1951398540001, 13.99651622500005], [122.21713005700008, 13.978433744000029], [122.26543738900011, 13.969767218000072], [122.26923819100011, 13.960505405000049], [122.2988423060001, 13.959299013000077], [122.30671995500006, 13.972230956000033], [122.29340899900001, 13.991588786000023], [122.30191525500004, 14.001278980000052], [122.316642494, 13.99307797800003], [122.30950282300012, 14.005578021000076], [122.32369652400007, 14.020129611000073], [122.31136708000008, 14.021618296000042], [122.30794166700002, 14.011269473000027], [122.29095463400006, 14.016229502000044], [122.28834459400002, 14.038644696000063], [122.2788621730001, 14.04359236700003], [122.27601503800008, 14.035615629000063], [122.26878534200011, 14.048494941000058], [122.22778256400011, 14.077238390000048], [122.1999298930001, 14.086332337000044], [122.16700425800002, 14.133988202000069], [122.16394875300011, 14.158502683000052], [122.17616582100004, 14.140516238000032], [122.18921035300002, 14.138502551000045], [122.18403254000009, 14.164619354000024], [122.18702631800011, 14.165439470000024], [122.1873368140001, 14.163511458000073], [122.18900853200012, 14.163806212000054], [122.18873130700001, 14.163068747000068], [122.1901643220001, 14.162560858000063], [122.19075433600005, 14.162893069000063], [122.1902098060001, 14.170241802000078], [122.21491144000004, 14.190070484000046], [122.23340709500008, 14.19416506500005], [122.24532010700011, 14.185958476000053], [122.24250073900009, 14.196493166000039], [122.25121312100009, 14.204742004000025], [122.2456717010001, 14.217679826000051], [122.25411196200002, 14.22610230600003], [122.2491883140001, 14.240615563000063], [122.27323900600004, 14.245691399000066], [122.27614670600008, 14.226616857000067], [122.26963887500006, 14.223845396000058], [122.27146040100001, 14.206994475000045], [122.25926530700008, 14.172867032000056], [122.27377584900012, 14.162103000000059], [122.26571931800004, 14.150345943000048], [122.2675543150001, 14.12383923300007], [122.28808612800003, 14.120310193000023], [122.30901167800005, 14.142115554000043]]], [[[121.93493514700003, 15.058643889000052], [121.93612242600011, 15.039909857000055], [121.94650528800003, 15.042878314000063], [121.94355863700002, 15.055005212000026], [121.9554238830001, 15.057584624000071], [121.97458364500005, 15.050054296000042], [121.96968990200003, 15.03689395400005], [121.97940967300008, 15.037633915000072], [121.9916594010001, 15.045875780000074], [122.01928407200012, 15.030033341000035], [122.0068030650001, 15.007130327000027], [122.03554341800009, 15.012890467000034], [122.04976502800002, 15.005664352000053], [122.05622120100008, 14.964554802000066], [122.05439659800004, 14.95185271400004], [122.03121225600012, 14.991962071000046], [122.01150536700004, 14.989225043000033], [121.9961621110001, 14.974845311000024], [121.99783129200011, 14.974015242000064], [122.00055978500006, 14.975143152000044], [122.00191172000007, 14.975368703000072], [122.00207464900006, 14.974922235000065], [121.99123662500006, 14.957875984000054], [121.99776298600011, 14.951666298000077], [122.01919169300004, 14.967738950000069], [122.01105283700008, 14.948343223000052], [122.02116312100009, 14.92107413900004], [121.9918366170001, 14.913770660000068], [121.9794187650001, 14.900598609000042], [121.97727838700007, 14.909824168000057], [121.96733893500004, 14.906652561000044], [121.96696368800008, 14.888592230000029], [121.97658959700004, 14.881699645000026], [121.96749745400007, 14.868801253000072], [121.97207294800012, 14.859076710000068], [121.98011458000008, 14.859777339000061], [121.98103990800007, 14.84148502000005], [121.99581594300003, 14.830976508000049], [122.00887890400008, 14.833805637000069], [122.00741026500009, 14.821530708000068], [122.02192325600004, 14.81390691300004], [122.01967358700006, 14.805169501000023], [122.02583041100002, 14.789941093000039], [122.02130639300003, 14.764396933000057], [122.02764569300007, 14.761482470000033], [122.02789565300009, 14.729507287000047], [122.03672085900007, 14.715139518000058], [122.02206568000008, 14.703000317000033], [122.00402764800003, 14.667445889000078], [121.97455185700005, 14.641650007000067], [121.9392382850001, 14.626554099000032], [121.91427785300004, 14.640839678000077], [121.9029874150001, 14.678776638000045], [121.90518101000009, 14.723870838000039], [121.91367031800007, 14.721095626000022], [121.91814201200009, 14.70630465000005], [121.93787047300009, 14.711513782000054], [121.90902773900007, 14.803031722000071], [121.89356827800009, 14.812157331000037], [121.87847340200005, 14.83549124800004], [121.87263812800006, 14.877126265000072], [121.84981799500008, 14.909876182000062], [121.85465799500003, 14.922056147000035], [121.8344884280001, 14.932074964000037], [121.83512834800001, 14.954624961000036], [121.8233257070001, 14.956326748000038], [121.83320619200003, 14.94680981600004], [121.83065564600008, 14.928385726000045], [121.82076794600005, 14.937222634000022], [121.80943003900006, 14.923642784000037], [121.80142751700009, 14.935976593000078], [121.817967167, 14.97111310300005], [121.81321250400003, 14.98167223400003], [121.82005420900009, 15.002520101000073], [121.83179324900004, 15.003261629000065], [121.82462366200002, 14.99452556500006], [121.83491220400003, 14.995057272000054], [121.83188358000007, 14.98286716900003], [121.84008007700004, 14.988778210000078], [121.83656187100007, 14.996612127000049], [121.83260273500002, 14.997297719000073], [121.83344756300005, 15.003793786000074], [121.8266331000001, 15.011698538000076], [121.83565639300002, 15.005991818000041], [121.82746784200003, 15.02234489500006], [121.83693888200003, 15.03924087200005], [121.85625065200009, 15.039718821000065], [121.85819484600006, 15.027555622000023], [121.86378926500004, 15.031443584000044], [121.86336524400008, 15.02677802900007], [121.86506600900009, 15.02140496800007], [121.86655855800007, 15.021614631000034], [121.86755251800002, 15.030274170000041], [121.88088274600011, 15.031403513000043], [121.88033692800002, 15.036788732000048], [121.89128437500005, 15.027703362000068], [121.89287262500011, 15.036251808000031], [121.90182370000002, 15.035190872000044], [121.93493514700003, 15.058643889000052]]], [[[121.9443541170001, 15.05748221400006], [121.94430172400007, 15.058187447000023], [121.94486347000009, 15.057663016000049], [121.9443541170001, 15.05748221400006]]], [[[121.94667836600001, 15.057229341000038], [121.94721767500005, 15.057807925000077], [121.9472890830001, 15.057320547000074], [121.94667836600001, 15.057229341000038]]], [[[121.98095195700012, 15.042438429000072], [121.98261259900005, 15.04226423700004], [121.98153436700011, 15.041634547000058], [121.98095195700012, 15.042438429000072]]], [[[121.97901897200006, 15.041264556000044], [121.9802247660001, 15.041109878000043], [121.97904020300007, 15.04098977700005], [121.97901897200006, 15.041264556000044]]], [[[121.97214746400005, 15.039954573000045], [121.9725413860001, 15.040435850000051], [121.97257565900009, 15.040191226000047], [121.97214746400005, 15.039954573000045]]], [[[122.02814169800001, 15.015002048000042], [122.03069496600006, 15.017896002000043], [122.03270945100007, 15.015875703000063], [122.02814169800001, 15.015002048000042]]], [[[122.15646514600007, 14.950714391000076], [122.16089045400008, 14.938052751000043], [122.14898056400011, 14.922107674000074], [122.13846385800002, 14.925183263000065], [122.15646514600007, 14.950714391000076]]], [[[122.1510288070001, 14.950208881000037], [122.15063282400001, 14.950439083000049], [122.1511071750001, 14.950456019000057], [122.1510288070001, 14.950208881000037]]], [[[122.06144231500002, 14.949731051000072], [122.06313069200007, 14.946640933000026], [122.06025365400001, 14.948580348000064], [122.06144231500002, 14.949731051000072]]], [[[122.05356365900002, 14.929189067000038], [122.0464896420001, 14.930636439000068], [122.05406862100006, 14.933329221000065], [122.05356365900002, 14.929189067000038]]], [[[122.17630704300007, 14.924778626000034], [122.18026355000006, 14.931440954000038], [122.18405670700008, 14.92488703600003], [122.17630704300007, 14.924778626000034]]], [[[122.1828315570001, 14.923580713000035], [122.18426801800001, 14.924083276000033], [122.18303966700012, 14.923134613000059], [122.1828315570001, 14.923580713000035]]], [[[122.18277392100003, 14.921601318000057], [122.18499332400006, 14.922053049000056], [122.18391180800006, 14.920385901000031], [122.18277392100003, 14.921601318000057]]], [[[122.18562621700005, 14.918255427000076], [122.18632703600008, 14.918449488000022], [122.18619009400004, 14.917858074000037], [122.18562621700005, 14.918255427000076]]], [[[122.18519542500007, 14.91672754900003], [122.18768167600001, 14.914762675000077], [122.1869704830001, 14.912936486000035], [122.18519542500007, 14.91672754900003]]], [[[122.15428886200004, 14.912937140000054], [122.15214532000005, 14.895142710000073], [122.1418779060001, 14.895836721000023], [122.1413236510001, 14.913475447000053], [122.15428886200004, 14.912937140000054]]], [[[122.04005905600002, 14.915661119000049], [122.03157330500005, 14.912988964000021], [122.02812441300011, 14.914101337000034], [122.04005905600002, 14.915661119000049]]], [[[122.15502554000011, 14.90962277400007], [122.15530976000002, 14.909792786000025], [122.15521346300011, 14.909468022000055], [122.15502554000011, 14.90962277400007]]], [[[122.01584749300002, 14.893725134000022], [122.00538581500007, 14.90108088200003], [122.02317903800008, 14.903966137000054], [122.01584749300002, 14.893725134000022]]], [[[122.11716381000008, 14.903067749000058], [122.1210245530001, 14.89716356200006], [122.11666034200005, 14.894672301000071], [122.11240096200004, 14.89718450600003], [122.11716381000008, 14.903067749000058]]], [[[122.11096934300008, 14.894589413000062], [122.11260128100002, 14.892005378000022], [122.10850083800005, 14.891911961000062], [122.11096934300008, 14.894589413000062]]], [[[122.15710446800006, 14.881710099000031], [122.16503891200011, 14.882212196000069], [122.16051736500003, 14.874638171000072], [122.15710446800006, 14.881710099000031]]], [[[122.01355405400011, 14.879349271000024], [121.99725020300002, 14.878572249000058], [121.99502687000006, 14.880554552000035], [122.00838580100003, 14.883970351000073], [122.01355405400011, 14.879349271000024]]], [[[122.03795522300004, 14.875929851000024], [122.06279965100009, 14.867986400000063], [122.08404121800004, 14.841547391000063], [122.07737488600003, 14.838970793000044], [122.06202992200008, 14.853942716000063], [122.04381354000009, 14.840636150000023], [122.03666818800002, 14.848777421000023], [122.02475787000003, 14.845631652000066], [122.01347826200004, 14.873560644000065], [122.02441859700002, 14.878444892000061], [122.02678783100009, 14.867754434000062], [122.03795522300004, 14.875929851000024]]], [[[122.20497264400001, 14.866460505000077], [122.21168956500003, 14.86589206800005], [122.20510518100002, 14.86552765600004], [122.20497264400001, 14.866460505000077]]], [[[122.20098198300002, 14.867103083000075], [122.19996413700005, 14.866615399000068], [122.19936480500007, 14.868455398000037], [122.20098198300002, 14.867103083000075]]], [[[122.20747656800006, 14.84795161900007], [122.21039945400003, 14.851113200000043], [122.21312316600006, 14.847615063000035], [122.20747656800006, 14.84795161900007]]], [[[121.99811404900004, 14.849641907000034], [121.9993311500001, 14.849878168000032], [121.99931293700001, 14.849401556000032], [121.99811404900004, 14.849641907000034]]], [[[122.19495227400012, 14.847837350000077], [122.19349161000002, 14.847052878000056], [122.19353276900006, 14.848239639000042], [122.19495227400012, 14.847837350000077]]], [[[122.18955431900008, 14.845389227000055], [122.18970910200005, 14.846349520000047], [122.1898628020001, 14.845186329000057], [122.18955431900008, 14.845389227000055]]], [[[122.13272101100006, 14.83507055800004], [122.13149547800003, 14.845714568000062], [122.14177291100009, 14.844427843000062], [122.13272101100006, 14.83507055800004]]], [[[122.18866567400005, 14.846300085000053], [122.18828024800007, 14.843795802000045], [122.18706775200008, 14.845794007000052], [122.18866567400005, 14.846300085000053]]], [[[122.2099045220001, 14.842597328000068], [122.21237731600002, 14.833184971000037], [122.19999633300006, 14.813050631000067], [122.19033109800012, 14.811444247000054], [122.19195926600003, 14.805846774000031], [122.23203777700007, 14.785672269000031], [122.24307481700009, 14.794543000000033], [122.26052786700006, 14.785524472000077], [122.25039858100001, 14.77198704400007], [122.2593983800001, 14.759683797000037], [122.25818536100007, 14.727114745000051], [122.24477751600011, 14.720622598000034], [122.24160200100005, 14.737967944000047], [122.22928445800005, 14.750925411000026], [122.18365712200011, 14.767175305000023], [122.14484667200009, 14.794831183000042], [122.10938872100007, 14.803645174000053], [122.09361976900004, 14.842219216000046], [122.10590722000006, 14.834815727000034], [122.12486503600007, 14.841816816000062], [122.13738006900007, 14.828237302000048], [122.18356410700005, 14.84520953200007], [122.19828606600004, 14.830189436000069], [122.2099045220001, 14.842597328000068]]], [[[122.00454097300008, 14.844724632000066], [121.99697699300009, 14.834189676000051], [121.99910216700005, 14.841499534000036], [122.00454097300008, 14.844724632000066]]], [[[122.21273417000009, 14.844538256000021], [122.21273433600004, 14.84393241400005], [122.21223737800005, 14.843262709000044], [122.21237246300007, 14.843080499000052], [122.21106968200002, 14.843355991000067], [122.2115724360001, 14.842609194000033], [122.21004332700011, 14.84297189700004], [122.21273417000009, 14.844538256000021]]], [[[122.15142109900012, 14.844081580000022], [122.15237550300003, 14.843843259000039], [122.15152901700003, 14.843520347000037], [122.15142109900012, 14.844081580000022]]], [[[122.14738100900001, 14.83997258900007], [122.15213097200001, 14.841237685000067], [122.1517496570001, 14.840310723000073], [122.14738100900001, 14.83997258900007]]], [[[122.0154794020001, 14.841163264000045], [122.01499062000005, 14.841833506000057], [122.01569893900012, 14.841529298000069], [122.0154794020001, 14.841163264000045]]], [[[122.15401934400006, 14.839822519000052], [122.15443095600006, 14.840351411000029], [122.15444231300012, 14.839881752000053], [122.15401934400006, 14.839822519000052]]], [[[122.25320009600011, 14.805592710000042], [122.24715236800012, 14.82536198200006], [122.25088568000001, 14.821184020000032], [122.2584446090001, 14.80902655400007], [122.25320009600011, 14.805592710000042]]], [[[122.02624701800005, 14.806445422000024], [122.02296792800007, 14.801025253000034], [122.02039351300004, 14.805076362000023], [122.02624701800005, 14.806445422000024]]], [[[122.26233028500008, 14.803410479000036], [122.26448138300009, 14.804868929000065], [122.26426170900004, 14.802348079000069], [122.26233028500008, 14.803410479000036]]], [[[121.65680993400008, 14.779674877000048], [121.65689575300007, 14.778659832000073], [121.6541763890001, 14.778615761000026], [121.65680993400008, 14.779674877000048]]], [[[122.40355435000004, 14.733756076000077], [122.43444916600004, 14.709688177000032], [122.43616814500001, 14.695244497000033], [122.38707179000005, 14.680441200000075], [122.30658647900009, 14.676466754000046], [122.31378562900011, 14.694873721000022], [122.33369786700007, 14.711425330000054], [122.36001315100009, 14.712290087000042], [122.38174497300008, 14.72964905300006], [122.40355435000004, 14.733756076000077]]], [[[121.23666569000011, 14.488256412000055], [121.23574220900002, 14.488456515000053], [121.23583828700009, 14.488708865000035], [121.23666569000011, 14.488256412000055]]], [[[121.24636789500005, 14.487389036000025], [121.24469074700005, 14.486024334000035], [121.24389410100002, 14.486483030000045], [121.24636789500005, 14.487389036000025]]], [[[121.23817965100011, 14.481202666000058], [121.23786808000011, 14.481301271000063], [121.23786015600001, 14.481575991000057], [121.23817965100011, 14.481202666000058]]], [[[121.23782071400001, 14.480740140000023], [121.23714175200007, 14.480718227000068], [121.23720784400007, 14.481094441000039], [121.23782071400001, 14.480740140000023]]], [[[122.03306771900009, 14.443303122000032], [122.0459397080001, 14.423994328000049], [122.03356016800001, 14.394004495000047], [122.02659820400004, 14.43813127900006], [122.03306771900009, 14.443303122000032]]], [[[121.32350747400005, 14.442515835000052], [121.32287356800009, 14.442160694000052], [121.3230388500001, 14.443003384000065], [121.32350747400005, 14.442515835000052]]], [[[122.04700471000001, 14.438380252000059], [122.04726784700006, 14.440354009000032], [122.04764951000004, 14.439111131000061], [122.04700471000001, 14.438380252000059]]], [[[122.04498110500003, 14.438976892000028], [122.0433089070001, 14.438388535000058], [122.04330685000002, 14.439348424000059], [122.04498110500003, 14.438976892000028]]], [[[121.20351872000003, 14.431747586000029], [121.20282551100001, 14.431871604000037], [121.20351777300004, 14.431865635000065], [121.20351872000003, 14.431747586000029]]], [[[121.2246012810001, 14.422586051000053], [121.24073939700008, 14.349026353000056], [121.26628327600008, 14.336757668000075], [121.24201342900005, 14.329726662000041], [121.24537887300005, 14.31089952700006], [121.23720929400008, 14.287057657000048], [121.21502813200004, 14.33646331600005], [121.2246012810001, 14.422586051000053]]], [[[122.03808209400006, 14.402336712000022], [122.03813434200003, 14.399152767000032], [122.03761940300001, 14.401193166000041], [122.03808209400006, 14.402336712000022]]], [[[121.43163554400007, 14.397821158000056], [121.43105247000005, 14.396296082000049], [121.43085051000003, 14.398493876000032], [121.43163554400007, 14.397821158000056]]], [[[120.57977691400004, 14.372495062000041], [120.56677657600005, 14.37617556400005], [120.56363120000003, 14.388472838000041], [120.60788408200006, 14.393892833000052], [120.61543488200005, 14.391004076000058], [120.62044729600007, 14.385737173000052], [120.5931371580001, 14.387530225000035], [120.57977691400004, 14.372495062000041]]], [[[120.62204215400004, 14.383082582000043], [120.62122322700009, 14.383863872000063], [120.6211975330001, 14.384425319000059], [120.62204215400004, 14.383082582000043]]], [[[120.62270498700002, 14.37017953700007], [120.6139057580001, 14.364601547000063], [120.61216342300008, 14.365468085000032], [120.62270498700002, 14.37017953700007]]], [[[121.41724583000007, 14.336057352000068], [121.41928621000011, 14.334902039000042], [121.41707369200003, 14.33558578700007], [121.41724583000007, 14.336057352000068]]], [[[121.43780089600011, 14.322686992000058], [121.43705483100007, 14.321911236000062], [121.4373144540001, 14.322851698000022], [121.43780089600011, 14.322686992000058]]], [[[121.43650365600001, 14.321251244000052], [121.43559936800011, 14.320718671000066], [121.43605571700004, 14.32150778700003], [121.43650365600001, 14.321251244000052]]], [[[121.25946940100005, 14.310880097000052], [121.25797036000006, 14.311688331000028], [121.25966313100002, 14.311869996000041], [121.25946940100005, 14.310880097000052]]], [[[121.82630932500001, 14.306325829000059], [121.85145168600002, 14.298514331000035], [121.82079319000002, 14.248830264000048], [121.80393840500005, 14.29268184700004], [121.82630932500001, 14.306325829000059]]], [[[121.41298954600006, 14.305880409000054], [121.41182645600009, 14.304993031000038], [121.41266965600005, 14.306236633000026], [121.41298954600006, 14.305880409000054]]], [[[121.2529031790001, 14.303816402000052], [121.25203488600005, 14.303523063000057], [121.25315012200008, 14.30518126100003], [121.2529031790001, 14.303816402000052]]], [[[121.24661657700005, 14.303363596000054], [121.24540532800006, 14.298285111000041], [121.24446556800001, 14.302462942000034], [121.24661657700005, 14.303363596000054]]], [[[120.71299547800004, 14.288014443000066], [120.71063906300003, 14.293612406000022], [120.71391961100005, 14.295202377000066], [120.71381945300004, 14.296505712000055], [120.71476903700011, 14.29690299400005], [120.71299547800004, 14.288014443000066]]], [[[121.30985621200011, 14.280465033000041], [121.30682558300009, 14.282318518000068], [121.30901600900006, 14.28541800100004], [121.30985621200011, 14.280465033000041]]], [[[121.3107205550001, 14.284896736000064], [121.31303878100005, 14.284320348000051], [121.31063435600004, 14.283308872000077], [121.3107205550001, 14.284896736000064]]], [[[120.61445398600006, 14.272257588000059], [120.61251727800004, 14.266657832000021], [120.61322401500001, 14.272345787000063], [120.61445398600006, 14.272257588000059]]], [[[121.89988826600006, 14.242492994000031], [121.90235760200005, 14.242985213000054], [121.90271512800007, 14.242515327000035], [121.89988826600006, 14.242492994000031]]], [[[120.59008433800011, 14.239742457000034], [120.59463922700002, 14.23099516800005], [120.5874220930001, 14.237529107000057], [120.59008433800011, 14.239742457000034]]], [[[121.92948540300006, 14.235902975000045], [122.008599892, 14.171369425000023], [122.02140456000006, 14.153037161000043], [122.12790608600005, 14.087178908000055], [122.1393889200001, 14.067521443000032], [122.17142734900006, 14.045604130000072], [122.18670978600005, 14.02293196900007], [122.18732526600002, 14.005848111000034], [122.15871064300006, 14.00131202600005], [122.15373404400009, 14.010243141000046], [122.1126718490001, 14.02737492700004], [122.08995252000011, 14.052149310000061], [122.05677781000009, 14.064154596000037], [122.0378927050001, 14.09015308000005], [122.0117675350001, 14.095049239000048], [122.00228350900011, 14.108073034000029], [121.98529217600003, 14.111868205000064], [121.94996250300005, 14.151023414000065], [121.92642382800011, 14.191190359000075], [121.91790653900011, 14.195346224000048], [121.91413763700007, 14.188181898000039], [121.92948540300006, 14.235902975000045]]], [[[121.31286378300001, 14.224841436000077], [121.31107418800002, 14.224029680000058], [121.31221305200006, 14.225555235000058], [121.31286378300001, 14.224841436000077]]], [[[120.58824500000003, 14.222944077000022], [120.58751203800011, 14.223139894000042], [120.58755534700003, 14.223355831000049], [120.58824500000003, 14.222944077000022]]], [[[120.58798293300003, 14.221013266000057], [120.5868252030001, 14.220737126000074], [120.5866602860001, 14.220840468000063], [120.58798293300003, 14.221013266000057]]], [[[121.20473219600001, 14.218150750000063], [121.20326915900011, 14.218426623000028], [121.20327606800004, 14.219953543000031], [121.20473219600001, 14.218150750000063]]], [[[120.5838164270001, 14.211131647000059], [120.58320031800008, 14.211897542000031], [120.58416278300001, 14.211487522000027], [120.5838164270001, 14.211131647000059]]], [[[120.57941808800001, 14.19883287700003], [120.57860540500008, 14.199660885000071], [120.58035234600004, 14.19882906600003], [120.57941808800001, 14.19883287700003]]], [[[120.5807387960001, 14.198812771000064], [120.58160646900001, 14.198669475000031], [120.58165456000006, 14.198555271000032], [120.5807387960001, 14.198812771000064]]], [[[120.58032730600007, 14.198598924000066], [120.58028417800006, 14.19864235800003], [120.5803671330001, 14.198647169000026], [120.58032730600007, 14.198598924000066]]], [[[120.58508010900005, 14.197884587000033], [120.58520419700005, 14.197792180000022], [120.5851018830001, 14.19776487100006], [120.58508010900005, 14.197884587000033]]], [[[120.58066390500005, 14.190944782000031], [120.57783681800004, 14.190779598000063], [120.5800864790001, 14.192542222000043], [120.58066390500005, 14.190944782000031]]], [[[122.1470609480001, 14.173160503000076], [122.14844580500005, 14.174373948000039], [122.15062362600008, 14.169170620000045], [122.1470609480001, 14.173160503000076]]], [[[120.57388981200006, 14.150400459000025], [120.57308601800003, 14.149214366000024], [120.57155624000006, 14.151834268000073], [120.57388981200006, 14.150400459000025]]], [[[120.57167418600011, 14.149901012000043], [120.56958215300006, 14.149682706000021], [120.57094924100011, 14.150510969000038], [120.57167418600011, 14.149901012000043]]], [[[120.5697257280001, 14.13710581500004], [120.56818628000008, 14.137848818000066], [120.57046357700006, 14.137675014000024], [120.5697257280001, 14.13710581500004]]], [[[120.57014496900001, 14.13655118400004], [120.56964301000005, 14.13640691300003], [120.57031224000002, 14.137155154000027], [120.57014496900001, 14.13655118400004]]], [[[120.58123619100002, 14.118518076000043], [120.580486242, 14.118156652000039], [120.58034080300001, 14.118385861000036], [120.58123619100002, 14.118518076000043]]], [[[120.57596429000012, 14.115832046000037], [120.57619026100008, 14.11465908100007], [120.57560101000001, 14.115487143000053], [120.57596429000012, 14.115832046000037]]], [[[120.57884612900011, 14.113172484000074], [120.57851546900008, 14.113586506000047], [120.57978385000001, 14.113596062000056], [120.57884612900011, 14.113172484000074]]], [[[120.4871481030001, 14.061505560000057], [120.49510215900011, 14.055119528000034], [120.4954339630001, 14.05200310400005], [120.4871481030001, 14.061505560000057]]], [[[122.10734486600006, 14.032968698000047], [122.10730829300007, 14.032747726000025], [122.10716770600004, 14.032927789000041], [122.10734486600006, 14.032968698000047]]], [[[122.194129212, 13.961495763000073], [122.19531419100008, 13.961655939000025], [122.19399116200009, 13.961216654000054], [122.194129212, 13.961495763000073]]], [[[122.1981516080001, 13.959798395000064], [122.19738003500004, 13.959948065000049], [122.19743984100012, 13.96010891700007], [122.1981516080001, 13.959798395000064]]], [[[121.72028074800005, 13.948719954000069], [121.71641381300003, 13.945397735000029], [121.71590236000009, 13.951893277000067], [121.72028074800005, 13.948719954000069]]], [[[122.21496761900005, 13.944779698000048], [122.21636540100008, 13.942866675000062], [122.2143946330001, 13.943941756000072], [122.21496761900005, 13.944779698000048]]], [[[121.75396345400009, 13.94399610000005], [121.7536341440001, 13.943619097000067], [121.75346949300001, 13.943871988000069], [121.75396345400009, 13.94399610000005]]], [[[121.78178434100005, 13.879221151000024], [121.78483456600009, 13.892309975000046], [121.79052045500009, 13.90122702900004], [121.78599021700006, 13.90932222500004], [121.75476216000004, 13.891542977000029], [121.75475332400003, 13.88365643800006], [121.74183015100004, 13.89186150100005], [121.73867633000009, 13.900150689000043], [121.74702993300002, 13.909382644000061], [121.73828547800008, 13.919171616000028], [121.75467543000002, 13.928660198000046], [121.74732021500006, 13.942244707000043], [121.78061922400002, 13.937367120000033], [121.78508167500001, 13.937036712000065], [121.78937820800002, 13.939213055000039], [121.7903771330001, 13.938766613000041], [121.78534376100004, 13.910618640000052], [121.79382249000003, 13.91123611300003], [121.80216299500012, 13.898940806000041], [121.79220595600009, 13.880078441000023], [121.78178434100005, 13.879221151000024]]], [[[121.75148656700003, 13.94275109800003], [121.75133265900001, 13.942575350000027], [121.75129582400007, 13.942712248000078], [121.75148656700003, 13.94275109800003]]], [[[121.80305862300008, 13.941850359000057], [121.80295839600001, 13.941423322000048], [121.80288854300011, 13.941454446000023], [121.80305862300008, 13.941850359000057]]], [[[121.80352195500006, 13.940793364000058], [121.8040505350001, 13.940869016000022], [121.80378799000005, 13.940619974000072], [121.80352195500006, 13.940793364000058]]], [[[121.79942919200005, 13.920998732000044], [121.80193929500001, 13.922062591000042], [121.80308260400011, 13.921666750000043], [121.79942919200005, 13.920998732000044]]], [[[121.7793646990001, 13.900589977000038], [121.77778917700005, 13.90091390400005], [121.77857016700011, 13.90182119800005], [121.7793646990001, 13.900589977000038]]], [[[121.77656297900012, 13.899596719000044], [121.77725585100006, 13.899540967000064], [121.77707618900001, 13.899292653000032], [121.77656297900012, 13.899596719000044]]], [[[120.8423737920001, 13.691782853000063], [120.84424933200012, 13.68118656300004], [120.84275075000005, 13.67419097800007], [120.84045105000007, 13.680525471000067], [120.8423737920001, 13.691782853000063]]], [[[120.90499094200004, 13.62441317400004], [120.84196022700007, 13.651250004000076], [120.82679523500008, 13.686340507000068], [120.84092185000009, 13.672415243000046], [120.88492621700004, 13.65488741200005], [120.93402842000012, 13.655373922000024], [120.94625269900007, 13.640115632000061], [120.94187802400006, 13.631716081000036], [120.90499094200004, 13.62441317400004]]], [[[120.9519315450001, 13.628854338000053], [120.94874083600007, 13.631306123000059], [120.95046934700008, 13.630694947000052], [120.9519315450001, 13.628854338000053]]], [[[120.96542583500002, 13.626614105000044], [120.96362411400003, 13.628110437000032], [120.96664626900008, 13.626677291000021], [120.96542583500002, 13.626614105000044]]], [[[121.08157904400002, 13.526201687000025], [121.04394210400005, 13.55911903200007], [121.04282172500007, 13.572764619000054], [121.0619408880001, 13.562743186000034], [121.08621364900011, 13.573508411000034], [121.09939364400009, 13.533844163000026], [121.08157904400002, 13.526201687000025]]], [[[122.71934951700007, 13.36484213500006], [122.72540989700008, 13.331015337000053], [122.71919811700002, 13.323537565000038], [122.71257620100005, 13.327404485000045], [122.71934951700007, 13.36484213500006]]]]}}, {"type": "Feature", "properties": {"code": "PH13", "name": "National Capital Region (NCR)", "level": "region"}, "geometry": {"type": "Polygon", "coordinates": [[[121.03060207100009, 14.784248399000035], [121.10491462400012, 14.762656063000065], [121.12119922200009, 14.77602956000004], [121.1349717920001, 14.776730445000055], [121.11776424000004, 14.746158470000069], [121.11805757700006, 14.729549361000068], [121.13146900000004, 14.723613300000068], [121.12375939200001, 14.707338821000064], [121.11599242800003, 14.709234545000072], [121.12010187400006, 14.698593123000023], [121.11161186300001, 14.695953082000074], [121.10670234300005, 14.675499389000038], [121.13107957900002, 14.667950382000072], [121.13472785300007, 14.654714042000023], [121.13001300700012, 14.634344953000038], [121.10853608200011, 14.636495850000074], [121.10187866500007, 14.620657343000062], [121.11045450000006, 14.592334529000027], [121.10369517200002, 14.593668617000048], [121.10905753300005, 14.580946777000065], [121.0958914470001, 14.564003354000022], [121.10972207600003, 14.546624930000064], [121.10247570600006, 14.524309028000062], [121.08543740200003, 14.505724330000078], [121.06932934800011, 14.506686393000052], [121.0621771220001, 14.487713453000026], [121.05167949500003, 14.439392591000058], [121.05097512300006, 14.397121149000043], [121.05801511200002, 14.380206515000054], [121.04870050900001, 14.367407255000046], [121.02927848000002, 14.365855122000028], [121.0133635300001, 14.351973628000053], [121.00689103200011, 14.353943146000063], [121.00785481900004, 14.390869810000027], [120.97300846900009, 14.44075715100007], [120.96595096500005, 14.465177050000023], [120.98251697300009, 14.491630285000042], [120.97202426800004, 14.481402206000041], [120.9756112550001, 14.492690237000033], [120.98483239300003, 14.503318093000075], [120.98533725400011, 14.492006695000043], [120.9897418380001, 14.502586016000066], [120.974211921, 14.508107632000076], [120.98280159700005, 14.542755799000076], [120.97758675000011, 14.555526022000038], [120.98546445900001, 14.562417100000062], [120.9727582050001, 14.583148978000054], [120.96194519000005, 14.583232450000025], [120.96573570500004, 14.587513071000046], [120.96305733500003, 14.59382271800007], [120.95565543000009, 14.572505101000047], [120.95386802400003, 14.591119100000071], [120.96752885900003, 14.595318969000061], [120.96677920700006, 14.596419792000063], [120.9433715880001, 14.594770830000073], [120.93279649300007, 14.602898354000047], [120.95421043900001, 14.601105148000045], [120.94776581500003, 14.607689395000023], [120.94398653000007, 14.617861197000025], [120.95633249800005, 14.600722136000059], [120.9604671830001, 14.600846682000054], [120.95359576700002, 14.625833852000028], [120.95929464700009, 14.629373004000058], [120.94256790800011, 14.63176068200005], [120.95787814000005, 14.633648272000073], [120.94716306800001, 14.636824238000031], [120.95458269800008, 14.636833262000039], [120.94800064600008, 14.652741007000031], [120.90639543200007, 14.700714606000076], [120.91841488700004, 14.712960826000028], [120.94533687500007, 14.688489937000043], [120.95312750500011, 14.694240067000067], [120.92669637300003, 14.735891321000054], [120.9492786620001, 14.734196689000044], [120.9595504240001, 14.719873626000037], [120.98298298400005, 14.725317432000054], [120.97852281100006, 14.734806719000062], [120.98898521500007, 14.757223791000058], [121.0025716340001, 14.75341491000006], [121.02402399100004, 14.763034879000031], [121.03060207100009, 14.784248399000035]]]}}, {"type": "Feature", "properties": {"code": "PH04010", "name": "Batangas", "level": "province"}, "geometry": {"type": "MultiPolygon", "coordinates": [[[[121.08563880200006, 13.573763254000028], [121.09939364400009, 13.533844163000026], [121.08033677600008, 13.526216527000031], [121.04397547700012, 13.55907579500007], [121.04241371700004, 13.570844325000053], [121.06043150200003, 13.562763894000057], [121.08563880200006, 13.573763254000028]]], [[[120.96660156100006, 13.626757344000055], [120.96535921200007, 13.626641089000032], [120.96359351700005, 13.628071556000066], [120.96660156100006, 13.626757344000055]]], [[[120.94798711900012, 13.629531846000077], [120.95160493100002, 13.629888949000076], [120.95192744300005, 13.628848359000074], [120.94798711900012, 13.629531846000077]]], [[[120.83115867100003, 13.687686794000058], [120.84090173800007, 13.672426964000067], [120.88492621700004, 13.65488741200005], [120.93407597600003, 13.655353820000073], [120.94646802900002, 13.638114896000047], [120.90499567200004, 13.624384043000077], [120.87260698000011, 13.634652058000029], [120.86598092800011, 13.64612993000003], [120.84196022700007, 13.651250004000076], [120.83115867100003, 13.687686794000058]]], [[[120.84255816200005, 13.691783431000033], [120.84424933200012, 13.68118656300004], [120.84275075000005, 13.67419097800007], [120.84045105000007, 13.680525471000067], [120.84255816200005, 13.691783431000033]]], [[[120.48736857800009, 14.06156674600004], [120.49497611100003, 14.055287536000037], [120.4954339630001, 14.05200310400005], [120.49083583600009, 14.055166763000045], [120.48736857800009, 14.06156674600004]]], [[[120.57869314000004, 14.113631974000043], [120.57850312400001, 14.113100693000035], [120.5780505460001, 14.113277793000066], [120.57869314000004, 14.113631974000043]]], [[[120.57560101000001, 14.115487143000053], [120.5769940560001, 14.115365416000031], [120.57619026100008, 14.11465908100007], [120.57560101000001, 14.115487143000053]]], [[[120.5810998390001, 14.118566566000027], [120.58095438500004, 14.118116971000063], [120.58034080300001, 14.118385861000036], [120.5810998390001, 14.118566566000027]]], [[[120.56965602100001, 14.136442970000076], [120.57028816400009, 14.136109497000064], [120.56984197100007, 14.136071599000047], [120.56965602100001, 14.136442970000076]]], [[[120.5681545430001, 14.137840135000033], [120.57039886100006, 14.137399801000072], [120.56737533000012, 14.137075438000068], [120.5681545430001, 14.137840135000033]]], [[[120.56958215300006, 14.149682706000021], [120.5716108260001, 14.149381100000028], [120.56952429000012, 14.149282714000037], [120.56958215300006, 14.149682706000021]]], [[[120.57192917800012, 14.150006095000037], [120.57590467600005, 14.150125071000048], [120.57526859000006, 14.14887849300004], [120.57192917800012, 14.150006095000037]]], [[[120.57786579700007, 14.190870078000046], [120.5805202030001, 14.190651781000042], [120.57811510400006, 14.190186371000038], [120.57786579700007, 14.190870078000046]]], [[[120.58520715000009, 14.197848954000051], [120.58507234300009, 14.197815176000063], [120.58510276800007, 14.197905196000022], [120.58520715000009, 14.197848954000051]]], [[[120.58028417800006, 14.19864235800003], [120.58030905400005, 14.198584452000034], [120.58025596100003, 14.198573202000034], [120.58028417800006, 14.19864235800003]]], [[[120.5807387960001, 14.198812771000064], [120.58160646900001, 14.198669475000031], [120.58165456000006, 14.198555271000032], [120.5807387960001, 14.198812771000064]]], [[[120.57837618000008, 14.198317774000031], [120.57992761700007, 14.198827528000038], [120.58034736100001, 14.198788858000057], [120.57837618000008, 14.198317774000031]]], [[[120.58264008100002, 14.211386935000064], [120.58416597500002, 14.211455029000035], [120.58263709800008, 14.211012496000023], [120.58264008100002, 14.211386935000064]]], [[[120.58703009200008, 14.221098835000078], [120.58798459900004, 14.220998733000044], [120.58666028700009, 14.220821091000062], [120.58703009200008, 14.221098835000078]]], [[[120.58753202900004, 14.223117288000026], [120.58824500000003, 14.222944077000022], [120.58823167500009, 14.222847191000028], [120.58753202900004, 14.223117288000026]]], [[[120.58984285100007, 14.230116793000036], [120.60090749300002, 14.22015020400005], [120.60831177700004, 14.229124955000032], [120.62210105600002, 14.215106724000066], [120.65117905600005, 14.214442581000071], [120.65840315100002, 14.185721820000026], [120.67160067600003, 14.18783680000007], [120.70735536300003, 14.173088780000057], [120.6919692570001, 14.160500003000038], [120.69822050500011, 14.136949860000072], [120.70709071100009, 14.137671883000053], [120.71593295800005, 14.126534449000076], [120.7294194100001, 14.140384557000061], [120.73766362200001, 14.133390720000023], [120.76566159100003, 14.135577451000074], [120.76768094300007, 14.117736821000051], [120.83929156600004, 14.088780735000057], [120.84298026800002, 14.05675646900005], [120.87804649400005, 14.083808497000064], [120.89272050800002, 14.087613034000071], [120.90250537600002, 14.07679061400006], [120.97143969500007, 14.097899962000042], [120.98037532400008, 14.12008944300004], [121.0099296190001, 14.122935231000042], [121.04538386100012, 14.154943326000023], [121.10217525200005, 14.155837033000068], [121.13347627600001, 14.141672596000035], [121.19440848600004, 14.131070861000069], [121.20556391600007, 14.109612395000056], [121.21619239800009, 14.02661468100007], [121.24866900600011, 13.981597472000033], [121.23724036700003, 13.934252107000077], [121.24042152600009, 13.905063270000028], [121.27261323900007, 13.891021864000038], [121.27160968300007, 13.878059858000029], [121.28272368900002, 13.872247323000067], [121.3005168740001, 13.87557799800004], [121.30795183300006, 13.867019690000063], [121.33145150100006, 13.870016755000051], [121.34311968100008, 13.862420722000024], [121.36813977800011, 13.869279386000073], [121.38767822800003, 13.844806436000056], [121.41748513700009, 13.843874380000045], [121.44295710200004, 13.824241419000032], [121.45086922100006, 13.829465205000076], [121.4582372860001, 13.81169385100003], [121.4393996870001, 13.794203950000053], [121.43244183000002, 13.759833338000021], [121.43935409400001, 13.734052966000036], [121.45167255800004, 13.722903356000074], [121.44268921700007, 13.695887114000072], [121.45749440300006, 13.70145141200004], [121.47042027000009, 13.68544231800007], [121.42025139400005, 13.654763991000038], [121.3965285160001, 13.672278454000036], [121.36341557700007, 13.658694487000048], [121.2856053160001, 13.59700506400003], [121.25936584500005, 13.597865702000036], [121.2332565160001, 13.627795713000069], [121.20484415600004, 13.627296115000036], [121.18030633100011, 13.645074779000026], [121.07748606000007, 13.618937514000038], [121.06972778300008, 13.630816923000054], [121.0356387710001, 13.635606721000045], [121.05329770100002, 13.66560448000007], [121.04898349300004, 13.69327118900003], [121.0615166130001, 13.712941380000075], [121.06016673900001, 13.738544390000072], [121.0421182990001, 13.750763391000078], [121.04275526000004, 13.766517362000059], [121.03773556700003, 13.762184177000051], [121.00151244100005, 13.781751476000068], [120.97716876900006, 13.781890052000051], [120.93082529800006, 13.728326005000042], [120.91738559800001, 13.699869628000044], [120.89288217700005, 13.682676938000043], [120.87338905100012, 13.719511616000034], [120.9068774970001, 13.755375567000044], [120.92736825400004, 13.761559481000063], [120.92818722200002, 13.781012382000029], [120.90163208400008, 13.821868144000064], [120.91531549700005, 13.830313932000024], [120.91211606700006, 13.876049289000036], [120.8785229130001, 13.902028403000031], [120.74283294000008, 13.936288241000057], [120.72764347300006, 13.925553254000022], [120.71133726300002, 13.925276386000064], [120.6978480790001, 13.904227659000071], [120.70020989000011, 13.884720712000046], [120.72240091300011, 13.858548443000075], [120.71914254300009, 13.84324986200005], [120.71005063000007, 13.84047174400007], [120.66461387100003, 13.859578507000037], [120.65143142500006, 13.848380502000055], [120.65167045200008, 13.829856969000048], [120.67614737300005, 13.789206088000071], [120.66604765200009, 13.771020775000068], [120.65297948000011, 13.770488744000033], [120.63114190700003, 13.807176041000048], [120.62137359200005, 13.81119910700005], [120.63083011300012, 13.821117748000063], [120.6220965660001, 13.821541358000047], [120.61806105000005, 13.835449974000028], [120.62403132600002, 13.846401085000025], [120.61666260100003, 13.882080655000038], [120.6257071660001, 13.896713437000074], [120.61233545000005, 13.939698387000021], [120.61870491400009, 13.95481043600006], [120.60272388500005, 13.974083583000038], [120.60403779400008, 13.979220069000064], [120.61208507300012, 13.968243548000032], [120.62515285200004, 13.968729266000025], [120.63222438100001, 13.983069947000047], [120.62274432900006, 13.995436802000029], [120.62658408000004, 14.003862021000032], [120.61546962700004, 14.012397763000024], [120.61430994600005, 14.03253516600006], [120.62218670200002, 14.038398900000061], [120.62519928300003, 14.05887735500005], [120.6178855930001, 14.103398261000052], [120.62406746800002, 14.109357846000023], [120.61711106000007, 14.117894370000045], [120.59279155600007, 14.119448360000035], [120.58994792300007, 14.128024268000047], [120.59536708200005, 14.128398194000056], [120.59615247900001, 14.130368905000068], [120.56834181700003, 14.134519888000057], [120.59327323100001, 14.13307071500003], [120.58636482300005, 14.143701796000073], [120.60972443800006, 14.144563998000024], [120.60478530000012, 14.155714760000023], [120.5850322870001, 14.156996890000073], [120.59661316200004, 14.162103328000057], [120.59047543800011, 14.168445847000044], [120.57541243800006, 14.170900767000035], [120.60564893800006, 14.174057446000063], [120.61341428200001, 14.178083332000028], [120.60757102700006, 14.185825714000032], [120.59392358800005, 14.180324562000067], [120.59744521700009, 14.189284371000042], [120.58295164900005, 14.193596666000076], [120.58637348500008, 14.195979138000041], [120.58372267900006, 14.203974282000047], [120.5925464280001, 14.202865092000025], [120.59487876600008, 14.209896265000054], [120.58399085200006, 14.211956752000049], [120.59069546100011, 14.21877713200007], [120.58984285100007, 14.230116793000036]]], [[[120.58740989000012, 14.236988436000047], [120.59473648800008, 14.233081661000028], [120.59483857500004, 14.231094588000076], [120.58740989000012, 14.236988436000047]]]]}}, {"type": "Feature", "properties": {"code": "PH04021", "name": "Cavite", "level": "province"}, "geometry": {"type": "MultiPolygon", "coordinates": [[[[120.9699304500001, 14.475450371000022], [120.96992547900004, 14.446625819000076], [121.01161116900005, 14.380260945000032], [121.00689103200011, 14.353943146000063], [121.01626828100007, 14.351589458000035], [121.00529610100011, 14.318790294000053], [121.0322835610001, 14.33462025700004], [121.04003619200012, 14.332668986000044], [121.03917911700012, 14.32357595700006], [121.07749883300005, 14.32786512000007], [121.04853321200005, 14.292897324000023], [121.03314673000011, 14.25147073200003], [121.05425063200005, 14.256435864000025], [121.04637207600001, 14.227756415000044], [121.05282869100006, 14.21626380400005], [121.03355182200005, 14.205545079000046], [121.01369984200005, 14.163004601000068], [121.0152808140001, 14.155680318000066], [121.03586636200009, 14.151780380000048], [121.0099296190001, 14.122935231000042], [120.98037532400008, 14.12008944300004], [120.97143969500007, 14.097899962000042], [120.90250537600002, 14.07679061400006], [120.89272050800002, 14.087613034000071], [120.87804649400005, 14.083808497000064], [120.84298026800002, 14.05675646900005], [120.83929156600004, 14.088780735000057], [120.76768094300007, 14.117736821000051], [120.76566159100003, 14.135577451000074], [120.73766362200001, 14.133390720000023], [120.7294194100001, 14.140384557000061], [120.71593295800005, 14.126534449000076], [120.70709071100009, 14.137671883000053], [120.69822050500011, 14.136949860000072], [120.6923513160001, 14.163429119000057], [120.70735536300003, 14.173088780000057], [120.67160067600003, 14.18783680000007], [120.65840315100002, 14.185721820000026], [120.65117905600005, 14.214442581000071], [120.61888377800005, 14.218541259000062], [120.62581141400005, 14.226380861000052], [120.62279323500002, 14.26672407500007], [120.63061396900002, 14.272212275000072], [120.63458764400002, 14.265468442000042], [120.64319319800006, 14.27896617500005], [120.64930842600006, 14.273798374000023], [120.6554936770001, 14.285755082000037], [120.65783194000005, 14.277968091000048], [120.66226495600006, 14.28505797300005], [120.67857403300002, 14.27980049200005], [120.71015800500004, 14.29169965400007], [120.7121096840001, 14.286540135000052], [120.71466510300002, 14.286536253000065], [120.73221623000006, 14.316260098000043], [120.76864946, 14.331668028000024], [120.79113182300011, 14.361325531000034], [120.83691736200001, 14.395685000000071], [120.84607402800009, 14.417528511000057], [120.87149791400009, 14.430924067000035], [120.89985872600005, 14.495779044000074], [120.91775957800007, 14.49901669600007], [120.90312482200011, 14.484396041000025], [120.91711700500002, 14.484270105000064], [120.92098839500011, 14.48079068900006], [120.89703915400003, 14.475310687000047], [120.88493080700005, 14.46005587600007], [120.8896082220001, 14.450550798000052], [120.90042566700004, 14.457418504000032], [120.9020315250001, 14.448567964000063], [120.90559330000008, 14.457783328000062], [120.91342875100008, 14.449426447000064], [120.92295259500008, 14.460148752000066], [120.91940754600012, 14.467669730000068], [120.92700375700008, 14.460790605000057], [120.9699304500001, 14.475450371000022]]], [[[120.57977691400004, 14.372495062000041], [120.56677657600005, 14.37617556400005], [120.56363120000003, 14.388472838000041], [120.60788408200006, 14.393892833000052], [120.61543488200005, 14.391004076000058], [120.62044729600007, 14.385737173000052], [120.5931371580001, 14.387530225000035], [120.57977691400004, 14.372495062000041]]], [[[120.62204215400004, 14.383082582000043], [120.62122322700009, 14.383863872000063], [120.6211975330001, 14.384425319000059], [120.62204215400004, 14.383082582000043]]], [[[120.62270498700002, 14.37017953700007], [120.6139057580001, 14.364601547000063], [120.61216342300008, 14.365468085000032], [120.62270498700002, 14.37017953700007]]], [[[120.71299547800004, 14.288014443000066], [120.71063906300003, 14.293612406000022], [120.71391961100005, 14.295202377000066], [120.71381945300004, 14.296505712000055], [120.71476903700011, 14.29690299400005], [120.71299547800004, 14.288014443000066]]], [[[120.61445398600006, 14.272257588000059], [120.61251727800004, 14.266657832000021], [120.61322401500001, 14.272345787000063], [120.61445398600006, 14.272257588000059]]]]}}, {"type": "Feature", "properties": {"code": "PH04034", "name": "Laguna", "level": "province"}, "geometry": {"type": "MultiPolygon", "coordinates": [[[[121.20473219600001, 14.218150750000063], [121.20326915900011, 14.218426623000028], [121.20327606800004, 14.219953543000031], [121.20473219600001, 14.218150750000063]]], [[[121.31286378300001, 14.224841436000077], [121.31107418800002, 14.224029680000058], [121.31221305200006, 14.225555235000058], [121.31286378300001, 14.224841436000077]]], [[[121.41298954600006, 14.305880409000054], [121.41182645600009, 14.304993031000038], [121.41266965600005, 14.306236633000026], [121.41298954600006, 14.305880409000054]]], [[[121.43650365600001, 14.321251244000052], [121.43559936800011, 14.320718671000066], [121.43605571700004, 14.32150778700003], [121.43650365600001, 14.321251244000052]]], [[[121.43780089600011, 14.322686992000058], [121.43705483100007, 14.321911236000062], [121.4373144540001, 14.322851698000022], [121.43780089600011, 14.322686992000058]]], [[[121.41724583000007, 14.336057352000068], [121.41928621000011, 14.334902039000042], [121.41707369200003, 14.33558578700007], [121.41724583000007, 14.336057352000068]]], [[[121.43163554400007, 14.397821158000056], [121.43105247000005, 14.396296082000049], [121.43085051000003, 14.398493876000032], [121.43163554400007, 14.397821158000056]]], [[[121.45200518700005, 14.595771359000025], [121.48067421200005, 14.556779521000067], [121.4862675490001, 14.540874504000044], [121.4811586080001, 14.535665168000037], [121.52956397300011, 14.53286397200003], [121.53463026500003, 14.509421780000025], [121.55047443400008, 14.492387305000022], [121.52409879000004, 14.469167303000063], [121.57002646300009, 14.398442990000035], [121.60825957700001, 14.29685296200006], [121.63451880200012, 14.289790898000035], [121.63412066400008, 14.267710321000038], [121.6178985460001, 14.249101967000058], [121.61114569800009, 14.22274420900004], [121.5899512520001, 14.199159350000059], [121.60877174200004, 14.189993190000052], [121.59066469700008, 14.16078265300007], [121.56491500300001, 14.15960394900003], [121.54371610400005, 14.174902572000065], [121.52542204300005, 14.170365300000071], [121.53533726, 14.157077596000022], [121.52570335200005, 14.145438421000051], [121.51338978400008, 14.149315080000065], [121.51515174200006, 14.109498573000053], [121.48737778300006, 14.068562180000072], [121.43090350800003, 14.063428043000044], [121.42471641400005, 14.047622099000023], [121.35080923700002, 14.012048831000072], [121.3293513110001, 13.985808889000054], [121.29882300700001, 13.96993285600007], [121.27842933000011, 13.974127137000039], [121.24647366500005, 13.963490883000077], [121.24809656500008, 13.984388119000073], [121.21619239800009, 14.02661468100007], [121.20556391600007, 14.109612395000056], [121.19440848600004, 14.131070861000069], [121.13347627600001, 14.141672596000035], [121.10217525200005, 14.155837033000068], [121.0152808140001, 14.155680318000066], [121.031764898, 14.202937527000074], [121.05282869100006, 14.21626380400005], [121.04637207600001, 14.227756415000044], [121.05425063200005, 14.256435864000025], [121.03531840500011, 14.248877594000021], [121.0391374720001, 14.271101015000056], [121.07749883300005, 14.32786512000007], [121.03917911700012, 14.32357595700006], [121.04003619200012, 14.332668986000044], [121.0322835610001, 14.33462025700004], [121.00799185500011, 14.317417035000062], [121.00898090600003, 14.341994256000078], [121.02927848000002, 14.365855122000028], [121.04848403300002, 14.367288803000065], [121.0573845020001, 14.37863958500003], [121.06881298400003, 14.361372481000046], [121.09077719900006, 14.356187723000062], [121.09358202100009, 14.34181820200007], [121.12429707800004, 14.31735225500006], [121.1294306320001, 14.29666626200003], [121.16284849400006, 14.268534699000043], [121.17320074600002, 14.237968588000058], [121.18408701300007, 14.235964998000043], [121.19206740200002, 14.215920121000067], [121.18497521400002, 14.212075264000077], [121.18456480200007, 14.196615874000031], [121.17802373100005, 14.197021815000028], [121.18229670100004, 14.186462801000062], [121.20598716000006, 14.186962449000077], [121.21329140600005, 14.178441531000033], [121.23320685100009, 14.187798884000074], [121.23708696500012, 14.198157195000022], [121.2621064430001, 14.18945059500004], [121.28948705300002, 14.194273415000055], [121.30403818800005, 14.203344473000072], [121.31573633400001, 14.227904882000075], [121.34350766300008, 14.243276902000048], [121.350264734, 14.259664303000022], [121.39706485200009, 14.28567382700004], [121.40098557100009, 14.301851902000067], [121.41424428000005, 14.305611869000074], [121.41701809300002, 14.288183656000058], [121.4400125310001, 14.289569018000066], [121.42383248100009, 14.304446393000035], [121.43591781300006, 14.300615282000024], [121.44107038200002, 14.320158425000045], [121.43985924300011, 14.324895108000021], [121.41802922700003, 14.333548509000025], [121.42869360300006, 14.343979226000044], [121.43763734200002, 14.33600296800006], [121.44053373200006, 14.346161410000036], [121.4562679280001, 14.331673591000026], [121.45434259500007, 14.325397172000066], [121.46429662600008, 14.324156731000073], [121.46501036500001, 14.322321420000037], [121.46090313000002, 14.32070354800004], [121.45836849200009, 14.314719793000052], [121.47346211900003, 14.317128560000072], [121.47927458000004, 14.35084293600005], [121.47342802900005, 14.371872782000025], [121.45922571200003, 14.388505806000069], [121.44932084600009, 14.389472177000073], [121.45139225600008, 14.39682461600006], [121.43464711800004, 14.39240303400004], [121.43304831700004, 14.40577978600004], [121.42751182200004, 14.394983515000035], [121.43211192700005, 14.38730121900005], [121.41580472700002, 14.397419698000022], [121.40906299800008, 14.391350805000059], [121.39804749500001, 14.35055427900005], [121.38402538100001, 14.339461597000025], [121.36393249500009, 14.363358943000037], [121.36919831600005, 14.375142206000078], [121.36243190200003, 14.45419388700003], [121.37543300100003, 14.451434985000049], [121.37619811400009, 14.46422466200005], [121.3617534770001, 14.477181419000033], [121.36225810000008, 14.486432838000042], [121.37689814100008, 14.509387487000026], [121.376248153, 14.524600794000037], [121.39764341400007, 14.543620558000043], [121.44798978300003, 14.544977906000042], [121.43893810000009, 14.559513501000026], [121.44972639700006, 14.570188269000028], [121.44111363900004, 14.587291411000024], [121.45200518700005, 14.595771359000025]]]]}}, {"type": "Feature", "properties": {"code": "PH04056", "name": "Quezon", "level": "province"}, "geometry": {"type": "MultiPolygon", "coordinates": [[[[122.30901167800005, 14.142115554000043], [122.29864779700006, 14.072115583000027], [122.30379789200003, 14.067382637000037], [122.33069755500003, 14.06123261700003], [122.38376856000002, 14.066641330000039], [122.43217796400006, 14.113516736000065], [122.45199363600011, 14.150213563000023], [122.79251799700012, 14.013752262000025], [122.58387379100009, 13.96181139600003], [122.55090404000009, 13.945773315000054], [122.53697040700001, 13.963727343000073], [122.53031252500011, 13.962686435000023], [122.5254980420001, 13.958068448000063], [122.53368855200006, 13.943965472000059], [122.52472539900009, 13.922746047000032], [122.50846458100011, 13.932826299000055], [122.50946176800005, 13.925841174000027], [122.48423186900004, 13.925406573000032], [122.47416486500003, 13.935867485000074], [122.44882319800001, 13.92607952800006], [122.4369711060001, 13.943905173000076], [122.41952651500003, 13.942829433000043], [122.47594188900007, 13.861869900000045], [122.48479659300006, 13.858844518000069], [122.48560219000001, 13.848332600000049], [122.50826946500001, 13.83561437800006], [122.50788544200009, 13.821095246000027], [122.52452337400007, 13.816284814000028], [122.50983998800007, 13.809699495000075], [122.51445577400011, 13.786023081000053], [122.50878771000009, 13.769443756000044], [122.52344478000009, 13.731804152000052], [122.49000143800004, 13.732850839000037], [122.48016865000011, 13.712774086000024], [122.48097114900008, 13.697219199000074], [122.50226746400006, 13.668368562000069], [122.49706499000001, 13.646851930000025], [122.54646560900005, 13.600926882000067], [122.54539489400008, 13.582048536000059], [122.57462591100011, 13.574799312000039], [122.63422480100007, 13.528953963000049], [122.6354071830001, 13.515189860000078], [122.61791855800004, 13.513439711000046], [122.58061785400002, 13.562793371000055], [122.5649292920001, 13.563009350000073], [122.57528100800005, 13.535306802000036], [122.60070454200002, 13.522051275000024], [122.60543808000011, 13.498198290000062], [122.65068690900011, 13.445383583000023], [122.67662059600002, 13.37938967100007], [122.68265131400005, 13.29109399600003], [122.67674480400001, 13.27469076500006], [122.69101056400007, 13.267999849000034], [122.7028230620001, 13.224825316000022], [122.6591703900001, 13.209385805000068], [122.62421221000011, 13.172307568000065], [122.59909323700003, 13.161974757000053], [122.56464192300007, 13.178826008000044], [122.54063698700008, 13.21836458200005], [122.50455300500005, 13.243621604000055], [122.51630454500003, 13.258621384000037], [122.51085070200008, 13.27148293600004], [122.52332450000006, 13.280296465000049], [122.50999866400002, 13.295377214000041], [122.5216423380001, 13.303479096000046], [122.51885024400008, 13.343179445000033], [122.49724769800002, 13.374238912000067], [122.48777855900005, 13.410557565000033], [122.41329320800003, 13.483941080000022], [122.40185701500002, 13.524247646000049], [122.36621452700001, 13.548279956000044], [122.35415702400007, 13.546702779000043], [122.33255830300004, 13.559174807000034], [122.33823192000011, 13.573905616000047], [122.32175913100002, 13.590393050000046], [122.28951051000001, 13.591353171000037], [122.28025184600006, 13.574426499000026], [122.26157914100008, 13.581013356000028], [122.27816140000004, 13.593082125000024], [122.26718864000009, 13.606513561000043], [122.23868457600008, 13.596722236000062], [122.21757088300001, 13.607889950000072], [122.20790988500005, 13.602217060000044], [122.19890075700005, 13.620442940000032], [122.20255540200003, 13.637620832000039], [122.18116884500012, 13.669253758000025], [122.17390228300007, 13.669701184000076], [122.17301966700006, 13.684827609000024], [122.15074087300002, 13.719923678000043], [122.14543540300008, 13.712877623000054], [122.13771419700004, 13.720277255000042], [122.13295800700007, 13.745300500000042], [122.10137815300004, 13.770157063000056], [122.09861132600008, 13.785267875000045], [122.09065712000006, 13.779775087000075], [122.07701390800003, 13.792385856000067], [122.07411321500001, 13.780336533000025], [122.05338165500007, 13.775648329000035], [122.02298726100003, 13.798248561000037], [122.02813928800003, 13.806784578000077], [122.01546384400001, 13.800854729000037], [122.00633381000011, 13.809498093000059], [121.98064205300011, 13.805884823000042], [121.97656402000007, 13.820989117000067], [121.9824374640001, 13.829125017000024], [121.97532501800004, 13.84048830200004], [121.89028125200002, 13.862186997000038], [121.88344372200004, 13.890486180000039], [121.87186996200012, 13.896514172000025], [121.85536424400004, 13.88519995400003], [121.84985211500009, 13.90202658000004], [121.84355620600002, 13.890788393000037], [121.83377589200006, 13.902606192000064], [121.82537317900005, 13.891733632000069], [121.82892529500009, 13.899353743000063], [121.80962687100009, 13.913554781000073], [121.81807314000002, 13.927874916000064], [121.81380755400005, 13.943651114000033], [121.78979886200011, 13.949376235000045], [121.78419483300002, 13.939236727000036], [121.75039688700008, 13.968875400000059], [121.71349275700004, 13.970686086000057], [121.68863893600007, 13.949935603000029], [121.70824109700004, 13.922260308000034], [121.67996701900006, 13.92371120200005], [121.66740528200012, 13.91192562200007], [121.62409398200009, 13.907556578000026], [121.61618174400007, 13.900310894000029], [121.6156239500001, 13.89537848200007], [121.61773246100006, 13.892468864000023], [121.61844822100011, 13.890701264000029], [121.6181869180001, 13.89031540600007], [121.60253540400004, 13.899003583000024], [121.5721000320001, 13.884008760000029], [121.57555996400004, 13.875405691000026], [121.57451113200011, 13.873498580000046], [121.57055168900001, 13.88269077600006], [121.48945385600007, 13.849624492000032], [121.46849276000012, 13.833888615000035], [121.4602658880001, 13.816422350000039], [121.45064150500002, 13.820044984000049], [121.45006622500011, 13.830220261000022], [121.4421425050001, 13.824563129000069], [121.41748513700009, 13.843874380000045], [121.38767822800003, 13.844806436000056], [121.36951983900008, 13.868834205000041], [121.34311968100008, 13.862420722000024], [121.33145150100006, 13.870016755000051], [121.30795183300006, 13.867019690000063], [121.3005168740001, 13.87557799800004], [121.28272368900002, 13.872247323000067], [121.27160968300007, 13.878059858000029], [121.27261323900007, 13.891021864000038], [121.24042152600009, 13.905063270000028], [121.23724036700003, 13.934252107000077], [121.24647366500005, 13.963490883000077], [121.27842933000011, 13.974127137000039], [121.29882300700001, 13.96993285600007], [121.3293513110001, 13.985808889000054], [121.35080923700002, 14.012048831000072], [121.42471641400005, 14.047622099000023], [121.43090350800003, 14.063428043000044], [121.48737778300006, 14.068562180000072], [121.51515174200006, 14.109498573000053], [121.51338978400008, 14.149315080000065], [121.52570335200005, 14.145438421000051], [121.53533726, 14.157077596000022], [121.52542204300005, 14.170365300000071], [121.54371610400005, 14.174902572000065], [121.56491500300001, 14.15960394900003], [121.59066469700008, 14.16078265300007], [121.60877174200004, 14.189993190000052], [121.5899512520001, 14.199159350000059], [121.61114569800009, 14.22274420900004], [121.6178985460001, 14.249101967000058], [121.63412066400008, 14.267710321000038], [121.63451880200012, 14.289790898000035], [121.60825957700001, 14.29685296200006], [121.57002646300009, 14.398442990000035], [121.52409879000004, 14.469167303000063], [121.55047443400008, 14.492387305000022], [121.53463026500003, 14.509421780000025], [121.52956397300011, 14.53286397200003], [121.4811586080001, 14.535665168000037], [121.4862675490001, 14.540874504000044], [121.48067421200005, 14.556779521000067], [121.43953569400003, 14.603987708000034], [121.44173702300009, 14.622482465000076], [121.41579713500005, 14.627965106000033], [121.40486651800006, 14.63926604900007], [121.40284518400006, 14.656630550000045], [121.41086405800002, 14.668896700000062], [121.40480679900008, 14.690213882000023], [121.38062866200005, 14.695232352000062], [121.35387583300007, 14.722557836000021], [121.33427652600005, 14.73112584300003], [121.34179742100002, 14.747120400000028], [121.32897826900012, 14.788200564000022], [121.33550040000011, 14.800851961000035], [121.33035662500004, 14.834802543000023], [121.34011224500011, 14.886441354000056], [121.33820501800005, 14.947222596000074], [121.35710532600001, 15.011749193000071], [121.35633009800006, 15.02750039600005], [121.34476914000004, 15.040210904000048], [121.36168856300003, 15.073877483000047], [121.37002309100001, 15.070885085000043], [121.37647404400002, 15.08051352900003], [121.37400455200009, 15.095887405000042], [121.39541639100003, 15.104844096000022], [121.40140165600008, 15.13450335500005], [121.39660814800004, 15.146318106000024], [121.40389057100003, 15.152887102000022], [121.39494846500008, 15.16340654000004], [121.38466816800008, 15.15559758300003], [121.38046702200006, 15.168480773000056], [121.4018443550001, 15.172192895000023], [121.40834958200003, 15.212885503000052], [121.43635533800011, 15.210185412000044], [121.44803852100006, 15.196346930000061], [121.46275567800001, 15.20113282400007], [121.47695322300001, 15.186910681000029], [121.49503484700006, 15.136282644000062], [121.50607427000011, 15.055111064000073], [121.54391060400008, 15.01029205900005], [121.57296743800009, 14.947826298000052], [121.5816605760001, 14.890369400000054], [121.61360805100003, 14.852944953000076], [121.60187334200009, 14.828004122000038], [121.62416668500009, 14.792952607000075], [121.65580933900003, 14.78077926700007], [121.64956000400002, 14.775466270000038], [121.65859050000006, 14.775759654000069], [121.65991178700006, 14.765560293000021], [121.71039459000008, 14.725729475000037], [121.73432880200005, 14.695812426000032], [121.72372561500003, 14.690653115000032], [121.70195966500012, 14.703307162000044], [121.678415201, 14.702057872000069], [121.67620960900001, 14.699705164000022], [121.67847562000009, 14.696195093000028], [121.67897894100008, 14.70152497600003], [121.69093568700009, 14.698668316000067], [121.67361264800002, 14.693014637000033], [121.67134080800008, 14.696105115000023], [121.66760574600005, 14.695116519000067], [121.66568220200008, 14.689919230000044], [121.6700182410001, 14.694701028000054], [121.67158618300004, 14.691547568000033], [121.66292885300004, 14.688808148000078], [121.63583572300001, 14.663793061000035], [121.62545633200011, 14.65748544400003], [121.62082096900008, 14.65897332700007], [121.61977166700001, 14.663815513000031], [121.62584847700009, 14.658804403000033], [121.62750674900008, 14.666684359000044], [121.63273486700007, 14.663470468000071], [121.63743510600011, 14.666968516000054], [121.6238138440001, 14.672648258000038], [121.62557713700005, 14.678094767000061], [121.6160895050001, 14.676971990000027], [121.62110758200004, 14.680475953000041], [121.61980403900009, 14.685947707000025], [121.60377247500003, 14.651903466000022], [121.61257267200006, 14.611765709000053], [121.60862523000003, 14.599226437000027], [121.6251026540001, 14.567561511000065], [121.62486823800009, 14.516682824000043], [121.64328059400009, 14.483684614000026], [121.65865646000009, 14.401156308000054], [121.72766815900002, 14.326294499000028], [121.73461826100004, 14.297661761000029], [121.72858719400006, 14.27405833000006], [121.75827330000004, 14.247258758000044], [121.76170684100009, 14.228713950000042], [121.75240975200006, 14.220012960000076], [121.75390661300003, 14.204293986000039], [121.7338640370001, 14.191214333000062], [121.729639012, 14.177372757000057], [121.74884068100005, 14.145731341000044], [121.88321557000006, 14.041682187000049], [121.90718394100008, 14.011143154000024], [121.91164063300005, 14.015271693000045], [121.90825286300003, 14.010513917000026], [121.94551378900007, 13.988508342000046], [121.991924702, 13.976443496000059], [122.03559664200009, 13.947653486000036], [122.09444036100001, 13.931890077000048], [122.09833875600009, 13.922604766000063], [122.11191195200001, 13.92645956900003], [122.1388358050001, 13.912695023000026], [122.1528096400001, 13.920283880000056], [122.18935977800004, 13.915509963000034], [122.23141412900009, 13.894815571000038], [122.24568649500009, 13.91850809600004], [122.24366136600008, 13.943020733000026], [122.22211241800005, 13.942598517000022], [122.20809839100002, 13.953067402000045], [122.18174390900003, 13.993851267000025], [122.1951398540001, 13.99651622500005], [122.21713005700008, 13.978433744000029], [122.26543738900011, 13.969767218000072], [122.26923819100011, 13.960505405000049], [122.2988423060001, 13.959299013000077], [122.30671995500006, 13.972230956000033], [122.29340899900001, 13.991588786000023], [122.30191525500004, 14.001278980000052], [122.316642494, 13.99307797800003], [122.30950282300012, 14.005578021000076], [122.32369652400007, 14.020129611000073], [122.31136708000008, 14.021618296000042], [122.30794166700002, 14.011269473000027], [122.29095463400006, 14.016229502000044], [122.28834459400002, 14.038644696000063], [122.2788621730001, 14.04359236700003], [122.27601503800008, 14.035615629000063], [122.26878534200011, 14.048494941000058], [122.22778256400011, 14.077238390000048], [122.1999298930001, 14.086332337000044], [122.16700425800002, 14.133988202000069], [122.16394875300011, 14.158502683000052], [122.17616582100004, 14.140516238000032], [122.18921035300002, 14.138502551000045], [122.18403254000009, 14.164619354000024], [122.18702631800011, 14.165439470000024], [122.1873368140001, 14.163511458000073], [122.18900853200012, 14.163806212000054], [122.18873130700001, 14.163068747000068], [122.1901643220001, 14.162560858000063], [122.19075433600005, 14.162893069000063], [122.1902098060001, 14.170241802000078], [122.21491144000004, 14.190070484000046], [122.23340709500008, 14.19416506500005], [122.24532010700011, 14.185958476000053], [122.24250073900009, 14.196493166000039], [122.25121312100009, 14.204742004000025], [122.2456717010001, 14.217679826000051], [122.25411196200002, 14.22610230600003], [122.2491883140001, 14.240615563000063], [122.27323900600004, 14.245691399000066], [122.27614670600008, 14.226616857000067], [122.26963887500006, 14.223845396000058], [122.27146040100001, 14.206994475000045], [122.25926530700008, 14.172867032000056], [122.27377584900012, 14.162103000000059], [122.26571931800004, 14.150345943000048], [122.2675543150001, 14.12383923300007], [122.28808612800003, 14.120310193000023], [122.30901167800005, 14.142115554000043]]], [[[121.93493514700003, 15.058643889000052], [121.93612242600011, 15.039909857000055], [121.94650528800003, 15.042878314000063], [121.94355863700002, 15.055005212000026], [121.9554238830001, 15.057584624000071], [121.97458364500005, 15.050054296000042], [121.96968990200003, 15.03689395400005], [121.97940967300008, 15.037633915000072], [121.9916594010001, 15.045875780000074], [122.01928407200012, 15.030033341000035], [122.0068030650001, 15.007130327000027], [122.03554341800009, 15.012890467000034], [122.04976502800002, 15.005664352000053], [122.05622120100008, 14.964554802000066], [122.05439659800004, 14.95185271400004], [122.03121225600012, 14.991962071000046], [122.01150536700004, 14.989225043000033], [121.9961621110001, 14.974845311000024], [121.99783129200011, 14.974015242000064], [122.00055978500006, 14.975143152000044], [122.00191172000007, 14.975368703000072], [122.00207464900006, 14.974922235000065], [121.99123662500006, 14.957875984000054], [121.99776298600011, 14.951666298000077], [122.01919169300004, 14.967738950000069], [122.01105283700008, 14.948343223000052], [122.02116312100009, 14.92107413900004], [121.9918366170001, 14.913770660000068], [121.9794187650001, 14.900598609000042], [121.97727838700007, 14.909824168000057], [121.96733893500004, 14.906652561000044], [121.96696368800008, 14.888592230000029], [121.97658959700004, 14.881699645000026], [121.96749745400007, 14.868801253000072], [121.97207294800012, 14.859076710000068], [121.98011458000008, 14.859777339000061], [121.98103990800007, 14.84148502000005], [121.99581594300003, 14.830976508000049], [122.00887890400008, 14.833805637000069], [122.00741026500009, 14.821530708000068], [122.02192325600004, 14.81390691300004], [122.01967358700006, 14.805169501000023], [122.02583041100002, 14.789941093000039], [122.02130639300003, 14.764396933000057], [122.02764569300007, 14.761482470000033], [122.02789565300009, 14.729507287000047], [122.03672085900007, 14.715139518000058], [122.02206568000008, 14.703000317000033], [122.00402764800003, 14.667445889000078], [121.97455185700005, 14.641650007000067], [121.9392382850001, 14.626554099000032], [121.91427785300004, 14.640839678000077], [121.9029874150001, 14.678776638000045], [121.90518101000009, 14.723870838000039], [121.91367031800007, 14.721095626000022], [121.91814201200009, 14.70630465000005], [121.93787047300009, 14.711513782000054], [121.90902773900007, 14.803031722000071], [121.89356827800009, 14.812157331000037], [121.87847340200005, 14.83549124800004], [121.87263812800006, 14.877126265000072], [121.84981799500008, 14.909876182000062], [121.85465799500003, 14.922056147000035], [121.8344884280001, 14.932074964000037], [121.83512834800001, 14.954624961000036], [121.8233257070001, 14.956326748000038], [121.83320619200003, 14.94680981600004], [121.83065564600008, 14.928385726000045], [121.82076794600005, 14.937222634000022], [121.80943003900006, 14.923642784000037], [121.80142751700009, 14.935976593000078], [121.817967167, 14.97111310300005], [121.81321250400003, 14.98167223400003], [121.82005420900009, 15.002520101000073], [121.83179324900004, 15.003261629000065], [121.82462366200002, 14.99452556500006], [121.83491220400003, 14.995057272000054], [121.83188358000007, 14.98286716900003], [121.84008007700004, 14.988778210000078], [121.83656187100007, 14.996612127000049], [121.83260273500002, 14.997297719000073], [121.83344756300005, 15.003793786000074], [121.8266331000001, 15.011698538000076], [121.83565639300002, 15.005991818000041], [121.82746784200003, 15.02234489500006], [121.83693888200003, 15.03924087200005], [121.85625065200009, 15.039718821000065], [121.85819484600006, 15.027555622000023], [121.86378926500004, 15.031443584000044], [121.86336524400008, 15.02677802900007], [121.86506600900009, 15.02140496800007], [121.86655855800007, 15.021614631000034], [121.86755251800002, 15.030274170000041], [121.88088274600011, 15.031403513000043], [121.88033692800002, 15.036788732000048], [121.89128437500005, 15.027703362000068], [121.89287262500011, 15.036251808000031], [121.90182370000002, 15.035190872000044], [121.93493514700003, 15.058643889000052]]], [[[121.9443541170001, 15.05748221400006], [121.94430172400007, 15.058187447000023], [121.94486347000009, 15.057663016000049], [121.9443541170001, 15.05748221400006]]], [[[121.94667836600001, 15.057229341000038], [121.94721767500005, 15.057807925000077], [121.9472890830001, 15.057320547000074], [121.94667836600001, 15.057229341000038]]], [[[121.98095195700012, 15.042438429000072], [121.98261259900005, 15.04226423700004], [121.98153436700011, 15.041634547000058], [121.98095195700012, 15.042438429000072]]], [[[121.97901897200006, 15.041264556000044], [121.9802247660001, 15.041109878000043], [121.97904020300007, 15.04098977700005], [121.97901897200006, 15.041264556000044]]], [[[121.97214746400005, 15.039954573000045], [121.9725413860001, 15.040435850000051], [121.97257565900009, 15.040191226000047], [121.97214746400005, 15.039954573000045]]], [[[122.02814169800001, 15.015002048000042], [122.03069496600006, 15.017896002000043], [122.03270945100007, 15.015875703000063], [122.02814169800001, 15.015002048000042]]], [[[122.15646514600007, 14.950714391000076], [122.16089045400008, 14.938052751000043], [122.14898056400011, 14.922107674000074], [122.13846385800002, 14.925183263000065], [122.15646514600007, 14.950714391000076]]], [[[122.1510288070001, 14.950208881000037], [122.15063282400001, 14.950439083000049], [122.1511071750001, 14.950456019000057], [122.1510288070001, 14.950208881000037]]], [[[122.06144231500002, 14.949731051000072], [122.06313069200007, 14.946640933000026], [122.06025365400001, 14.948580348000064], [122.06144231500002, 14.949731051000072]]], [[[122.05356365900002, 14.929189067000038], [122.0464896420001, 14.930636439000068], [122.05406862100006, 14.933329221000065], [122.05356365900002, 14.929189067000038]]], [[[122.17630704300007, 14.924778626000034], [122.18026355000006, 14.931440954000038], [122.18405670700008, 14.92488703600003], [122.17630704300007, 14.924778626000034]]], [[[122.1828315570001, 14.923580713000035], [122.18426801800001, 14.924083276000033], [122.18303966700012, 14.923134613000059], [122.1828315570001, 14.923580713000035]]], [[[122.18277392100003, 14.921601318000057], [122.18499332400006, 14.922053049000056], [122.18391180800006, 14.920385901000031], [122.18277392100003, 14.921601318000057]]], [[[122.18562621700005, 14.918255427000076], [122.18632703600008, 14.918449488000022], [122.18619009400004, 14.917858074000037], [122.18562621700005, 14.918255427000076]]], [[[122.18519542500007, 14.91672754900003], [122.18768167600001, 14.914762675000077], [122.1869704830001, 14.912936486000035], [122.18519542500007, 14.91672754900003]]], [[[122.15428886200004, 14.912937140000054], [122.15214532000005, 14.895142710000073], [122.1418779060001, 14.895836721000023], [122.1413236510001, 14.913475447000053], [122.15428886200004, 14.912937140000054]]], [[[122.04005905600002, 14.915661119000049], [122.03157330500005, 14.912988964000021], [122.02812441300011, 14.914101337000034], [122.04005905600002, 14.915661119000049]]], [[[122.15502554000011, 14.90962277400007], [122.15530976000002, 14.909792786000025], [122.15521346300011, 14.909468022000055], [122.15502554000011, 14.90962277400007]]], [[[122.01584749300002, 14.893725134000022], [122.00538581500007, 14.90108088200003], [122.02317903800008, 14.903966137000054], [122.01584749300002, 14.893725134000022]]], [[[122.11716381000008, 14.903067749000058], [122.1210245530001, 14.89716356200006], [122.11666034200005, 14.894672301000071], [122.11240096200004, 14.89718450600003], [122.11716381000008, 14.903067749000058]]], [[[122.11096934300008, 14.894589413000062], [122.11260128100002, 14.892005378000022], [122.10850083800005, 14.891911961000062], [122.11096934300008, 14.894589413000062]]], [[[122.15710446800006, 14.881710099000031], [122.16503891200011, 14.882212196000069], [122.16051736500003, 14.874638171000072], [122.15710446800006, 14.881710099000031]]], [[[122.01355405400011, 14.879349271000024], [121.99725020300002, 14.878572249000058], [121.99502687000006, 14.880554552000035], [122.00838580100003, 14.883970351000073], [122.01355405400011, 14.879349271000024]]], [[[122.03795522300004, 14.875929851000024], [122.06279965100009, 14.867986400000063], [122.08404121800004, 14.841547391000063], [122.07737488600003, 14.838970793000044], [122.06202992200008, 14.853942716000063], [122.04381354000009, 14.840636150000023], [122.03666818800002, 14.848777421000023], [122.02475787000003, 14.845631652000066], [122.01347826200004, 14.873560644000065], [122.02441859700002, 14.878444892000061], [122.02678783100009, 14.867754434000062], [122.03795522300004, 14.875929851000024]]], [[[122.20497264400001, 14.866460505000077], [122.21168956500003, 14.86589206800005], [122.20510518100002, 14.86552765600004], [122.20497264400001, 14.866460505000077]]], [[[122.20098198300002, 14.867103083000075], [122.19996413700005, 14.866615399000068], [122.19936480500007, 14.868455398000037], [122.20098198300002, 14.867103083000075]]], [[[122.20747656800006, 14.84795161900007], [122.21039945400003, 14.851113200000043], [122.21312316600006, 14.847615063000035], [122.20747656800006, 14.84795161900007]]], [[[121.99811404900004, 14.849641907000034], [121.9993311500001, 14.849878168000032], [121.99931293700001, 14.849401556000032], [121.99811404900004, 14.849641907000034]]], [[[122.19495227400012, 14.847837350000077], [122.19349161000002, 14.847052878000056], [122.19353276900006, 14.848239639000042], [122.19495227400012, 14.847837350000077]]], [[[122.18955431900008, 14.845389227000055], [122.18970910200005, 14.846349520000047], [122.1898628020001, 14.845186329000057], [122.18955431900008, 14.845389227000055]]], [[[122.13272101100006, 14.83507055800004], [122.13149547800003, 14.845714568000062], [122.14177291100009, 14.844427843000062], [122.13272101100006, 14.83507055800004]]], [[[122.18866567400005, 14.846300085000053], [122.18828024800007, 14.843795802000045], [122.18706775200008, 14.845794007000052], [122.18866567400005, 14.846300085000053]]], [[[122.2099045220001, 14.842597328000068], [122.21237731600002, 14.833184971000037], [122.19999633300006, 14.813050631000067], [122.19033109800012, 14.811444247000054], [122.19195926600003, 14.805846774000031], [122.23203777700007, 14.785672269000031], [122.24307481700009, 14.794543000000033], [122.26052786700006, 14.785524472000077], [122.25039858100001, 14.77198704400007], [122.2593983800001, 14.759683797000037], [122.25818536100007, 14.727114745000051], [122.24477751600011, 14.720622598000034], [122.24160200100005, 14.737967944000047], [122.22928445800005, 14.750925411000026], [122.18365712200011, 14.767175305000023], [122.14484667200009, 14.794831183000042], [122.10938872100007, 14.803645174000053], [122.09361976900004, 14.842219216000046], [122.10590722000006, 14.834815727000034], [122.12486503600007, 14.841816816000062], [122.13738006900007, 14.828237302000048], [122.18356410700005, 14.84520953200007], [122.19828606600004, 14.830189436000069], [122.2099045220001, 14.842597328000068]]], [[[122.00454097300008, 14.844724632000066], [121.99697699300009, 14.834189676000051], [121.99910216700005, 14.841499534000036], [122.00454097300008, 14.844724632000066]]], [[[122.21273417000009, 14.844538256000021], [122.21273433600004, 14.84393241400005], [122.21223737800005, 14.843262709000044], [122.21237246300007, 14.843080499000052], [122.21106968200002, 14.843355991000067], [122.2115724360001, 14.842609194000033], [122.21004332700011, 14.84297189700004], [122.21273417000009, 14.844538256000021]]], [[[122.15142109900012, 14.844081580000022], [122.15237550300003, 14.843843259000039], [122.15152901700003, 14.843520347000037], [122.15142109900012, 14.844081580000022]]], [[[122.14738100900001, 14.83997258900007], [122.15213097200001, 14.841237685000067], [122.1517496570001, 14.840310723000073], [122.14738100900001, 14.83997258900007]]], [[[122.0154794020001, 14.841163264000045], [122.01499062000005, 14.841833506000057], [122.01569893900012, 14.841529298000069], [122.0154794020001, 14.841163264000045]]], [[[122.15401934400006, 14.839822519000052], [122.15443095600006, 14.840351411000029], [122.15444231300012, 14.839881752000053], [122.15401934400006, 14.839822519000052]]], [[[122.25320009600011, 14.805592710000042], [122.24715236800012, 14.82536198200006], [122.25088568000001, 14.821184020000032], [122.2584446090001, 14.80902655400007], [122.25320009600011, 14.805592710000042]]], [[[122.02624701800005, 14.806445422000024], [122.02296792800007, 14.801025253000034], [122.02039351300004, 14.805076362000023], [122.02624701800005, 14.806445422000024]]], [[[122.26233028500008, 14.803410479000036], [122.26448138300009, 14.804868929000065], [122.26426170900004, 14.802348079000069], [122.26233028500008, 14.803410479000036]]], [[[121.65680993400008, 14.779674877000048], [121.65689575300007, 14.778659832000073], [121.6541763890001, 14.778615761000026], [121.65680993400008, 14.779674877000048]]], [[[122.40355435000004, 14.733756076000077], [122.43444916600004, 14.709688177000032], [122.43616814500001, 14.695244497000033], [122.38707179000005, 14.680441200000075], [122.30658647900009, 14.676466754000046], [122.31378562900011, 14.694873721000022], [122.33369786700007, 14.711425330000054], [122.36001315100009, 14.712290087000042], [122.38174497300008, 14.72964905300006], [122.40355435000004, 14.733756076000077]]], [[[122.03306771900009, 14.443303122000032], [122.0459397080001, 14.423994328000049], [122.03356016800001, 14.394004495000047], [122.02659820400004, 14.43813127900006], [122.03306771900009, 14.443303122000032]]], [[[122.04700471000001, 14.438380252000059], [122.04726784700006, 14.440354009000032], [122.04764951000004, 14.439111131000061], [122.04700471000001, 14.438380252000059]]], [[[122.04498110500003, 14.438976892000028], [122.0433089070001, 14.438388535000058], [122.04330685000002, 14.439348424000059], [122.04498110500003, 14.438976892000028]]], [[[122.03808209400006, 14.402336712000022], [122.03813434200003, 14.399152767000032], [122.03761940300001, 14.401193166000041], [122.03808209400006, 14.402336712000022]]], [[[121.82630932500001, 14.306325829000059], [121.85145168600002, 14.298514331000035], [121.82079319000002, 14.248830264000048], [121.80393840500005, 14.29268184700004], [121.82630932500001, 14.306325829000059]]], [[[121.89988826600006, 14.242492994000031], [121.90235760200005, 14.242985213000054], [121.90271512800007, 14.242515327000035], [121.89988826600006, 14.242492994000031]]], [[[121.92948540300006, 14.235902975000045], [122.008599892, 14.171369425000023], [122.02140456000006, 14.153037161000043], [122.12790608600005, 14.087178908000055], [122.1393889200001, 14.067521443000032], [122.17142734900006, 14.045604130000072], [122.18670978600005, 14.02293196900007], [122.18732526600002, 14.005848111000034], [122.15871064300006, 14.00131202600005], [122.15373404400009, 14.010243141000046], [122.1126718490001, 14.02737492700004], [122.08995252000011, 14.052149310000061], [122.05677781000009, 14.064154596000037], [122.0378927050001, 14.09015308000005], [122.0117675350001, 14.095049239000048], [122.00228350900011, 14.108073034000029], [121.98529217600003, 14.111868205000064], [121.94996250300005, 14.151023414000065], [121.92642382800011, 14.191190359000075], [121.91790653900011, 14.195346224000048], [121.91413763700007, 14.188181898000039], [121.92948540300006, 14.235902975000045]]], [[[122.1470609480001, 14.173160503000076], [122.14844580500005, 14.174373948000039], [122.15062362600008, 14.169170620000045], [122.1470609480001, 14.173160503000076]]], [[[122.10734486600006, 14.032968698000047], [122.10730829300007, 14.032747726000025], [122.10716770600004, 14.032927789000041], [122.10734486600006, 14.032968698000047]]], [[[122.194129212, 13.961495763000073], [122.19531419100008, 13.961655939000025], [122.19399116200009, 13.961216654000054], [122.194129212, 13.961495763000073]]], [[[122.1981516080001, 13.959798395000064], [122.19738003500004, 13.959948065000049], [122.19743984100012, 13.96010891700007], [122.1981516080001, 13.959798395000064]]], [[[121.72028074800005, 13.948719954000069], [121.71641381300003, 13.945397735000029], [121.71590236000009, 13.951893277000067], [121.72028074800005, 13.948719954000069]]], [[[122.21496761900005, 13.944779698000048], [122.21636540100008, 13.942866675000062], [122.2143946330001, 13.943941756000072], [122.21496761900005, 13.944779698000048]]], [[[121.75396345400009, 13.94399610000005], [121.7536341440001, 13.943619097000067], [121.75346949300001, 13.943871988000069], [121.75396345400009, 13.94399610000005]]], [[[121.78178434100005, 13.879221151000024], [121.78483456600009, 13.892309975000046], [121.79052045500009, 13.90122702900004], [121.78599021700006, 13.90932222500004], [121.75476216000004, 13.891542977000029], [121.75475332400003, 13.88365643800006], [121.74183015100004, 13.89186150100005], [121.73867633000009, 13.900150689000043], [121.74702993300002, 13.909382644000061], [121.73828547800008, 13.919171616000028], [121.75467543000002, 13.928660198000046], [121.74732021500006, 13.942244707000043], [121.78061922400002, 13.937367120000033], [121.78508167500001, 13.937036712000065], [121.78937820800002, 13.939213055000039], [121.7903771330001, 13.938766613000041], [121.78534376100004, 13.910618640000052], [121.79382249000003, 13.91123611300003], [121.80216299500012, 13.898940806000041], [121.79220595600009, 13.880078441000023], [121.78178434100005, 13.879221151000024]]], [[[121.75148656700003, 13.94275109800003], [121.75133265900001, 13.942575350000027], [121.75129582400007, 13.942712248000078], [121.75148656700003, 13.94275109800003]]], [[[121.80305862300008, 13.941850359000057], [121.80295839600001, 13.941423322000048], [121.80288854300011, 13.941454446000023], [121.80305862300008, 13.941850359000057]]], [[[121.80352195500006, 13.940793364000058], [121.8040505350001, 13.940869016000022], [121.80378799000005, 13.940619974000072], [121.80352195500006, 13.940793364000058]]], [[[121.79942919200005, 13.920998732000044], [121.80193929500001, 13.922062591000042], [121.80308260400011, 13.921666750000043], [121.79942919200005, 13.920998732000044]]], [[[121.7793646990001, 13.900589977000038], [121.77778917700005, 13.90091390400005], [121.77857016700011, 13.90182119800005], [121.7793646990001, 13.900589977000038]]], [[[121.77656297900012, 13.899596719000044], [121.77725585100006, 13.899540967000064], [121.77707618900001, 13.899292653000032], [121.77656297900012, 13.899596719000044]]], [[[122.71934951700007, 13.36484213500006], [122.72540989700008, 13.331015337000053], [122.71919811700002, 13.323537565000038], [122.71257620100005, 13.327404485000045], [122.71934951700007, 13.36484213500006]]]]}}, {"type": "Feature", "properties": {"code": "PH04058", "name": "Rizal", "level": "province"}, "geometry": {"type": "MultiPolygon", "coordinates": [[[[121.45105053500004, 14.595215478000057], [121.44111363900004, 14.587291411000024], [121.44972639700006, 14.570188269000028], [121.43893810000009, 14.559513501000026], [121.44798978300003, 14.544977906000042], [121.38994649400001, 14.540084464000074], [121.376248153, 14.524600794000037], [121.37689814100008, 14.509387487000026], [121.36225810000008, 14.486432838000042], [121.3617534770001, 14.477181419000033], [121.37619811400009, 14.46422466200005], [121.37543300100003, 14.451434985000049], [121.36243190200003, 14.45419388700003], [121.36919831600005, 14.375142206000078], [121.36393249500009, 14.363358943000037], [121.38049455800001, 14.33794374300004], [121.35803843000008, 14.332398933000036], [121.31206631000009, 14.28626405500006], [121.30289076300005, 14.300376148000055], [121.30495041400002, 14.327248981000025], [121.3201091730001, 14.340966083000069], [121.33914710400006, 14.416272582000033], [121.32510470500006, 14.46085707900005], [121.3029606670001, 14.46915457700004], [121.30132633200003, 14.484151828000051], [121.28071828400005, 14.484006331000046], [121.27293918700002, 14.505172038000069], [121.25832947600009, 14.50390143800007], [121.25595791500007, 14.495043011000064], [121.24203842400004, 14.502582748000066], [121.23181801700002, 14.484581071000036], [121.23508200200001, 14.47308287900006], [121.2203872230001, 14.47389143600003], [121.22233477300006, 14.42317487400004], [121.21618131200012, 14.411366481000073], [121.20300597200003, 14.448250361000078], [121.18277646700005, 14.46428207300005], [121.18476833500006, 14.483051347000071], [121.16314161900004, 14.511493501000075], [121.14563852000003, 14.514171146000024], [121.13884003200008, 14.535651631000064], [121.11844054200003, 14.530700796000076], [121.11728887400011, 14.515406029000076], [121.10225888600007, 14.517205001000036], [121.10972207600003, 14.546624930000064], [121.0958914470001, 14.564003354000022], [121.10905753300005, 14.580946777000065], [121.10369517200002, 14.593668617000048], [121.11045450000006, 14.592334529000027], [121.10187866500007, 14.620657343000062], [121.10853608200011, 14.636495850000074], [121.13001300700012, 14.634344953000038], [121.13503641400007, 14.65766351800005], [121.13107957900002, 14.667950382000072], [121.10670234300005, 14.675499389000038], [121.11161186300001, 14.695953082000074], [121.12010187400006, 14.698593123000023], [121.11599242800003, 14.709234545000072], [121.12375939200001, 14.707338821000064], [121.13146900000004, 14.723613300000068], [121.11805757700006, 14.729549361000068], [121.11776424000004, 14.746158470000069], [121.1349717920001, 14.776730445000055], [121.12119922200009, 14.77602956000004], [121.10491462400012, 14.762656063000065], [121.09950513400008, 14.76921105100007], [121.12696550500004, 14.787478795000027], [121.13733236200005, 14.803775250000058], [121.15052962900006, 14.801784266000027], [121.16528463600002, 14.823417534000043], [121.2083554830001, 14.817918344000077], [121.22106455700009, 14.81971199000003], [121.22169554600009, 14.834210990000031], [121.25299686000005, 14.829226647000041], [121.33035662500004, 14.834802543000023], [121.33550040000011, 14.800851961000035], [121.32918079400008, 14.784632316000057], [121.34179742100002, 14.747120400000028], [121.33427652600005, 14.73112584300003], [121.35387583300007, 14.722557836000021], [121.38062866200005, 14.695232352000062], [121.40480679900008, 14.690213882000023], [121.41086405800002, 14.668896700000062], [121.40284518400006, 14.656630550000045], [121.40486651800006, 14.63926604900007], [121.41579713500005, 14.627965106000033], [121.44173702300009, 14.622482465000076], [121.43953569400003, 14.603987708000034], [121.45105053500004, 14.595215478000057]]], [[[121.23666569000011, 14.488256412000055], [121.23574220900002, 14.488456515000053], [121.23583828700009, 14.488708865000035], [121.23666569000011, 14.488256412000055]]], [[[121.24636789500005, 14.487389036000025], [121.24469074700005, 14.486024334000035], [121.24389410100002, 14.486483030000045], [121.24636789500005, 14.487389036000025]]], [[[121.23817965100011, 14.481202666000058], [121.23786808000011, 14.481301271000063], [121.23786015600001, 14.481575991000057], [121.23817965100011, 14.481202666000058]]], [[[121.23782071400001, 14.480740140000023], [121.23714175200007, 14.480718227000068], [121.23720784400007, 14.481094441000039], [121.23782071400001, 14.480740140000023]]], [[[121.32350747400005, 14.442515835000052], [121.32287356800009, 14.442160694000052], [121.3230388500001, 14.443003384000065], [121.32350747400005, 14.442515835000052]]], [[[121.20351872000003, 14.431747586000029], [121.20282551100001, 14.431871604000037], [121.20351777300004, 14.431865635000065], [121.20351872000003, 14.431747586000029]]], [[[121.2246012810001, 14.422586051000053], [121.24073939700008, 14.349026353000056], [121.26628327600008, 14.336757668000075], [121.24201342900005, 14.329726662000041], [121.24537887300005, 14.31089952700006], [121.23720929400008, 14.287057657000048], [121.21502813200004, 14.33646331600005], [121.2246012810001, 14.422586051000053]]], [[[121.25946940100005, 14.310880097000052], [121.25797036000006, 14.311688331000028], [121.25966313100002, 14.311869996000041], [121.25946940100005, 14.310880097000052]]], [[[121.2529031790001, 14.303816402000052], [121.25203488600005, 14.303523063000057], [121.25315012200008, 14.30518126100003], [121.2529031790001, 14.303816402000052]]], [[[121.24661657700005, 14.303363596000054], [121.24540532800006, 14.298285111000041], [121.24446556800001, 14.302462942000034], [121.24661657700005, 14.303363596000054]]], [[[121.30985621200011, 14.280465033000041], [121.30682558300009, 14.282318518000068], [121.30901600900006, 14.28541800100004], [121.30985621200011, 14.280465033000041]]], [[[121.3107205550001, 14.284896736000064], [121.31303878100005, 14.284320348000051], [121.31063435600004, 14.283308872000077], [121.3107205550001, 14.284896736000064]]]]}}, {"type": "Feature", "properties": {"code": "PH13039", "name": "Metropolitan Manila First District", "level": "province"}, "geometry": {"type": "Polygon", "coordinates": [[[120.99197344400011, 14.636527028000046], [120.98988594100001, 14.62564046500006], [121.0261685910001, 14.59220807500003], [120.99905087700006, 14.56189927500003], [120.98751161400003, 14.558607406000021], [120.9727582050001, 14.583148978000054], [120.96194519000005, 14.583232450000025], [120.96573570500004, 14.587513071000046], [120.96305733500003, 14.59382271800007], [120.95565543000009, 14.572505101000047], [120.95386802400003, 14.591119100000071], [120.96752885900003, 14.595318969000061], [120.96677920700006, 14.596419792000063], [120.9433715880001, 14.594770830000073], [120.93279649300007, 14.602898354000047], [120.95421043900001, 14.601105148000045], [120.94776581500003, 14.607689395000023], [120.94398653000007, 14.617861197000025], [120.95633249800005, 14.600722136000059], [120.9604671830001, 14.600846682000054], [120.95359576700002, 14.625833852000028], [120.95928604800008, 14.629389533000051], [120.94140014700008, 14.634242946000029], [120.99197344400011, 14.636527028000046]]]}}, {"type": "Feature", "properties": {"code": "PH13074", "name": "Metropolitan Manila Second District", "level": "province"}, "geometry": {"type": "Polygon", "coordinates": [[[121.1033378410001, 14.531997657000034], [121.09436799700006, 14.546736230000022], [121.06431954100003, 14.551917179000043], [121.06584092700007, 14.560585451000065], [121.03416050400006, 14.56738795900003], [121.01723501100003, 14.579737567000052], [121.02587265900002, 14.59530157100005], [120.98988594100001, 14.62564046500006], [120.99127371500003, 14.639904883000042], [121.00032029300007, 14.664603180000029], [121.02265398600002, 14.687140174000035], [121.01358451300007, 14.716359350000062], [121.02808188400002, 14.733364325000025], [121.04083690900006, 14.742111187000035], [121.07503917800011, 14.740194067000061], [121.08593385900008, 14.758682793000048], [121.13398305800001, 14.777684855000075], [121.11776424000004, 14.746158470000069], [121.11805757700006, 14.729549361000068], [121.13146900000004, 14.723613300000068], [121.12375939200001, 14.707338821000064], [121.11599242800003, 14.709234545000072], [121.12010187400006, 14.698593123000023], [121.11161186300001, 14.695953082000074], [121.10670234300005, 14.675499389000038], [121.13107957900002, 14.667950382000072], [121.13472785300007, 14.654714042000023], [121.13001300700012, 14.634344953000038], [121.10853608200011, 14.636495850000074], [121.10187866500007, 14.620657343000062], [121.11045450000006, 14.592334529000027], [121.10369517200002, 14.593668617000048], [121.10905753300005, 14.580946777000065], [121.0958914470001, 14.564003354000022], [121.10972207600003, 14.546624930000064], [121.1033378410001, 14.531997657000034]]]}}, {"type": "Feature", "properties": {"code": "PH13075", "name": "Metropolitan Manila Third District", "level": "province"}, "geometry": {"type": "Polygon", "coordinates": [[[121.09950653900012, 14.76920958900007], [121.07503917800011, 14.740194067000061], [121.04083690900006, 14.742111187000035], [121.01443080000001, 14.719158309000022], [121.02457916200001, 14.693333310000071], [121.00032029300007, 14.664603180000029], [120.99313591600003, 14.636168197000075], [120.94898265100005, 14.635258663000059], [120.95458269800008, 14.636833262000039], [120.94800064600008, 14.652741007000031], [120.90639761800003, 14.700691280000058], [120.91841488700004, 14.712960826000028], [120.94533687500007, 14.688489937000043], [120.95312750500011, 14.694240067000067], [120.92669637300003, 14.735891321000054], [120.9492786620001, 14.734196689000044], [120.9595504240001, 14.719873626000037], [120.98298298400005, 14.725317432000054], [120.97852281100006, 14.734806719000062], [120.98898521500007, 14.757223791000058], [121.0025716340001, 14.75341491000006], [121.02402399100004, 14.763034879000031], [121.03060207100009, 14.784248399000035], [121.09950653900012, 14.76920958900007]]]}}, {"type": "Feature", "properties": {"code": "PH13076", "name": "Metropolitan Manila Fourth District", "level": "province"}, "geometry": {"type": "Polygon", "coordinates": [[[121.1033378410001, 14.531997657000034], [121.0861635340001, 14.506183798000052], [121.06932934800011, 14.506686393000052], [121.0621771220001, 14.487713453000026], [121.05167949500003, 14.439392591000058], [121.0573845020001, 14.37863958500003], [121.04848403300002, 14.367288803000065], [121.02927848000002, 14.365855122000028], [121.01945223300004, 14.353054343000053], [121.00689103200011, 14.353943146000063], [121.00785481900004, 14.390869810000027], [120.97300846900009, 14.44075715100007], [120.96595096500005, 14.465177050000023], [120.98251697300009, 14.491630285000042], [120.97202426800004, 14.481402206000041], [120.9756112550001, 14.492690237000033], [120.98483239300003, 14.503318093000075], [120.98533725400011, 14.492006695000043], [120.9897418380001, 14.502586016000066], [120.974211921, 14.508107632000076], [120.98059530000012, 14.518783126000073], [120.97758533600006, 14.555501485000036], [120.98014807800007, 14.563650662000043], [120.9823795740001, 14.558159210000042], [120.9988221530001, 14.561716357000023], [121.01761120300011, 14.579408116000025], [121.03416050400006, 14.56738795900003], [121.06584092700007, 14.560585451000065], [121.06431954100003, 14.551917179000043], [121.09436799700006, 14.546736230000022], [121.1033378410001, 14.531997657000034]]]}}, {"type": "Feature", "properties": {"code": "PH0401001", "name": "Agoncillo", "level": "municipality"}, "geometry": {"type": "Polygon", "coordinates": [[[120.95235748000005, 14.021105586000033], [120.94986762600001, 14.000891143000047], [120.9593977830001, 13.982638069000075], [120.94144191400005, 13.959368862000076], [120.94945798800006, 13.928786192000075], [120.91602095000007, 13.909093193000047], [120.90567162900004, 13.923537088000046], [120.91054796000003, 13.933888452000076], [120.90091605700002, 13.963535401000058], [120.9030140000001, 13.991170930000067], [120.91332842200006, 14.009237579000057], [120.95235748000005, 14.021105586000033]]]}}, {"type": "Feature", "properties": {"code": "PH0401002", "name": "Alitagtag", "level": "municipality"}, "geometry": {"type": "Polygon", "coordinates": [[[121.0451984770001, 13.863345224000057], [121.03224339600001, 13.849182215000042], [120.98353709500009, 13.838329540000075], [120.99302150100004, 13.864181988000041], [120.98959066000009, 13.87844859200004], [121.00664771800007, 13.89059399100006], [121.01773804800007, 13.887702433000072], [121.01948650000008, 13.896373505000042], [121.03193070000009, 13.897543625000026], [121.03802618200007, 13.862402947000021], [121.0451984770001, 13.863345224000057]]]}}, {"type": "Feature", "properties": {"code": "PH0401003", "name": "Balayan", "level": "municipality"}, "geometry": {"type": "Polygon", "coordinates": [[[120.7772048810001, 13.926413582000066], [120.74099969100007, 13.936309202000075], [120.72764347300006, 13.925553254000022], [120.71133726300002, 13.925276386000064], [120.69879697400006, 13.907055411000044], [120.67754589800006, 13.91172424000007], [120.66609407300007, 13.939866494000057], [120.66692620800006, 13.961976066000034], [120.6904404070001, 13.99536278000005], [120.708743346, 13.986204262000058], [120.71795118400007, 13.960240879000025], [120.73449600900005, 13.981375280000066], [120.78583851400003, 14.017221814000038], [120.80280570800005, 14.049623630000042], [120.82177090700009, 14.053919467000071], [120.80838348800012, 14.014164878000031], [120.79501674700009, 14.010540326000068], [120.77027276100011, 13.985603309000055], [120.7772048810001, 13.926413582000066]]]}}, {"type": "Feature", "properties": {"code": "PH0401004", "name": "Balete", "level": "municipality"}, "geometry": {"type": "MultiPolygon", "coordinates": [[[[121.14435338500004, 14.001297737000073], [121.12207315700005, 13.980149231000041], [121.1016688410001, 13.99459149300003], [121.08930805500006, 14.023153681000053], [121.07515341100009, 14.027610270000025], [121.05850568900007, 14.020300297000063], [121.06093028300006, 14.027532824000048], [121.10021844800008, 14.03935585000005], [121.10584545600011, 14.027550269000074], [121.11672853200002, 14.030640990000052], [121.13314255800003, 14.02247600100003], [121.14435338500004, 14.001297737000073]]], [[[121.01468164900007, 13.994762187000049], [121.00192542200011, 14.00885955700005], [121.01999243000012, 14.017260436000072], [121.01468164900007, 13.994762187000049]]]]}}, {"type": "Feature", "properties": {"code": "PH0401005", "name": "Batangas City (Capital)", "level": "municipality"}, "geometry": {"type": "MultiPolygon", "coordinates": [[[[121.10361630800003, 13.839717413000074], [121.09621593100007, 13.789246222000031], [121.13775022200002, 13.790152808000073], [121.17788434400006, 13.746836995000024], [121.17324948600003, 13.709006483000053], [121.18018438400009, 13.692607508000037], [121.17206637800007, 13.690929664000066], [121.17733834700005, 13.686201941000036], [121.16938833100005, 13.682850204000033], [121.16700023300007, 13.666325291000021], [121.1758797220001, 13.643866771000035], [121.0777207640001, 13.61886630400005], [121.06972778300008, 13.630816923000054], [121.03591419500003, 13.634562925000068], [121.05329770100002, 13.66560448000007], [121.04898349300004, 13.69327118900003], [121.06156899100006, 13.716257206000023], [121.06016673900001, 13.738544390000072], [121.0421182990001, 13.750763391000078], [121.04275526000004, 13.766517362000059], [121.03773556700003, 13.762184177000051], [121.0286633610001, 13.769723293000027], [121.06142628200007, 13.832456128000047], [121.10361630800003, 13.839717413000074]]], [[[121.08157904400002, 13.526201687000025], [121.04394210400005, 13.55911903200007], [121.04282172500007, 13.572764619000054], [121.0619408880001, 13.562743186000034], [121.08621364900011, 13.573508411000034], [121.09939364400009, 13.533844163000026], [121.08157904400002, 13.526201687000025]]]]}}, {"type": "Feature", "properties": {"code": "PH0401006", "name": "Bauan", "level": "municipality"}, "geometry": {"type": "Polygon", "coordinates": [[[121.01743776400008, 13.775533482000071], [120.98057409700004, 13.782772219000037], [120.96481884000002, 13.77130532800004], [120.92685420700002, 13.763825204000057], [120.92821436100007, 13.780943105000063], [120.91084199500006, 13.806179474000032], [120.95057117900001, 13.808016351000049], [120.97787597900003, 13.839568362000023], [121.0143223880001, 13.846617485000024], [121.00117219300012, 13.803764734000026], [121.02143999600003, 13.782477594000056], [121.01743776400008, 13.775533482000071]]]}}, {"type": "Feature", "properties": {"code": "PH0401007", "name": "City of Calaca", "level": "municipality"}, "geometry": {"type": "Polygon", "coordinates": [[[120.85727545100008, 14.035364810000033], [120.86632016200008, 13.964331748000063], [120.84734267400006, 13.909268498000074], [120.7772048810001, 13.926413582000066], [120.76908277200005, 13.966696350000063], [120.77483716100005, 13.992683903000056], [120.80838348800012, 14.014164878000031], [120.82177090700009, 14.053919467000071], [120.84298026800002, 14.05675646900005], [120.85727545100008, 14.035364810000033]]]}}, {"type": "Feature", "properties": {"code": "PH0401008", "name": "Calatagan", "level": "municipality"}, "geometry": {"type": "Polygon", "coordinates": [[[120.67244198800006, 13.926264333000063], [120.67754589800006, 13.91172424000007], [120.69879697400006, 13.907055411000044], [120.70016776400007, 13.88481211100003], [120.72305559400002, 13.850688460000072], [120.712101028, 13.839910987000053], [120.68675044300005, 13.854447920000041], [120.65641510500006, 13.85652503800003], [120.65167045200008, 13.829856969000048], [120.67614737300005, 13.789206088000071], [120.6591372580001, 13.768269961000044], [120.62137359200005, 13.81119910700005], [120.6308301150001, 13.821210435000069], [120.6220965660001, 13.821541358000047], [120.6181251810001, 13.834831475000044], [120.62403132600002, 13.846401085000025], [120.61666260100003, 13.882080655000038], [120.62571201700007, 13.895839000000024], [120.61798169600002, 13.923282285000028], [120.62024832200007, 13.930252493000069], [120.63442803200007, 13.931820197000036], [120.67244198800006, 13.926264333000063]]]}}, {"type": "Feature", "properties": {"code": "PH0401009", "name": "Cuenca", "level": "municipality"}, "geometry": {"type": "Polygon", "coordinates": [[[121.06443296200007, 13.944233886000063], [121.07858481700009, 13.921428276000029], [121.07287369800008, 13.901666586000033], [121.05723055700003, 13.877392246000056], [121.06117738700004, 13.866056146000062], [121.03802618200007, 13.862402947000021], [121.02974472000005, 13.913762352000049], [121.03869219100011, 13.92373933600004], [121.03570614300008, 13.938492753000048], [121.06443296200007, 13.944233886000063]]]}}, {"type": "Feature", "properties": {"code": "PH0401010", "name": "Ibaan", "level": "municipality"}, "geometry": {"type": "Polygon", "coordinates": [[[121.16478141000005, 13.861184669000068], [121.17163813500008, 13.816367531000026], [121.16635246100009, 13.795944813000062], [121.18345285900011, 13.784253604000071], [121.18655510200006, 13.767261869000038], [121.18024080500004, 13.762563968000052], [121.16035584100007, 13.766896802000076], [121.13775022200002, 13.790152808000073], [121.10312720500008, 13.787027545000058], [121.0950623970001, 13.792593245000035], [121.10402024400003, 13.809155158000067], [121.09907030400007, 13.823302928000032], [121.10657808200006, 13.84908361500004], [121.118012582, 13.863766389000034], [121.13312748700002, 13.871416191000037], [121.16478141000005, 13.861184669000068]]]}}, {"type": "Feature", "properties": {"code": "PH0401011", "name": "Laurel", "level": "municipality"}, "geometry": {"type": "Polygon", "coordinates": [[[120.96184246300004, 14.075520007000023], [120.9361793270001, 14.06271595800007], [120.95355313900006, 14.042724444000044], [120.94723441100007, 14.032425355000044], [120.95068393600002, 14.029273832000058], [120.95643972000005, 14.01389690700006], [120.95235748000005, 14.021105586000033], [120.92226741800005, 14.009210529000029], [120.90346044600005, 14.012531425000077], [120.85727545100008, 14.035364810000033], [120.84298026800002, 14.05675646900005], [120.86241478200009, 14.07542182900005], [120.89272050800002, 14.087613034000071], [120.90250537600002, 14.07679061400006], [120.95716251500005, 14.094669594000038], [120.96184246300004, 14.075520007000023]]]}}, {"type": "Feature", "properties": {"code": "PH0401012", "name": "Lemery", "level": "municipality"}, "geometry": {"type": "Polygon", "coordinates": [[[120.91332842200006, 14.009237579000057], [120.9005410960001, 13.982133434000048], [120.91054796000003, 13.933888452000076], [120.90567162900004, 13.923537088000046], [120.91602095000007, 13.909093193000047], [120.91384315200003, 13.871136424000042], [120.88776386500001, 13.897294860000045], [120.84706558800008, 13.909461545000056], [120.86632016200008, 13.964331748000063], [120.85727545100008, 14.035364810000033], [120.91332842200006, 14.009237579000057]]]}}, {"type": "Feature", "properties": {"code": "PH0401013", "name": "Lian", "level": "municipality"}, "geometry": {"type": "Polygon", "coordinates": [[[120.69318808500009, 14.045848395000064], [120.68622840300009, 13.994589854000026], [120.66692620800006, 13.961976066000034], [120.67244198800006, 13.926264333000063], [120.61646333700003, 13.932269374000043], [120.61870491400009, 13.95481043600006], [120.60282498700008, 13.97659925000005], [120.6139379650001, 13.967386829000077], [120.63072065500012, 13.976483446000032], [120.62274432900006, 13.995436802000029], [120.62658408000004, 14.003862021000032], [120.61546962700004, 14.012397763000024], [120.62413689700008, 14.058161737000034], [120.64312422700004, 14.054982643000073], [120.64736373000005, 14.042202878000069], [120.67435313100009, 14.050423721000072], [120.68028086400011, 14.039194723000037], [120.69318808500009, 14.045848395000064]]]}}, {"type": "Feature", "properties": {"code": "PH0401014", "name": "Lipa City", "level": "municipality"}, "geometry": {"type": "Polygon", "coordinates": [[[121.23926711500008, 13.990509283000051], [121.24866900600011, 13.981597472000033], [121.23724036700003, 13.934252107000077], [121.23998049000011, 13.905983693000053], [121.27261323900007, 13.891021864000038], [121.26809859600007, 13.885682331000055], [121.23931988000004, 13.88930871100007], [121.21403214500003, 13.90511089100005], [121.16478141000005, 13.861184669000068], [121.12848041000007, 13.870060143000046], [121.13383244300007, 13.882368616000065], [121.12202657800003, 13.885588339000037], [121.12555866700006, 13.900451358000055], [121.119043669, 13.90026240800006], [121.11486278400002, 13.918739238000057], [121.07743337000011, 13.925407373000041], [121.06443296200007, 13.944233886000063], [121.0764659680001, 13.962376565000056], [121.10670780600003, 13.961336956000025], [121.11138107400006, 13.947471245000031], [121.12014029700003, 13.946092942000064], [121.12543004700001, 13.962469352000028], [121.12006081800007, 13.978701914000055], [121.14348728400012, 14.001173529000027], [121.15226223100001, 13.99439813400005], [121.17517334400009, 14.014591697000071], [121.1801441560001, 14.030003940000029], [121.20352417300012, 13.989074178000067], [121.22426811900004, 13.981980514000043], [121.23926711500008, 13.990509283000051]]]}}, {"type": "Feature", "properties": {"code": "PH0401015", "name": "Lobo", "level": "municipality"}, "geometry": {"type": "Polygon", "coordinates": [[[121.3401443790001, 13.705475754000076], [121.35188334800011, 13.70147694700006], [121.35864677000006, 13.653886309000029], [121.28564476300005, 13.597013550000042], [121.25927458900003, 13.597913094000035], [121.2332565160001, 13.627795713000069], [121.1994733890001, 13.62959373700005], [121.18971277900005, 13.642987796000057], [121.1758797220001, 13.643866771000035], [121.16700023300007, 13.666325291000021], [121.16938833100005, 13.682850204000033], [121.17733834700005, 13.686201941000036], [121.17206637800007, 13.690929664000066], [121.18018438400009, 13.692607508000037], [121.17324948600003, 13.709006483000053], [121.1784665450001, 13.71934678200006], [121.19822578300011, 13.71594708300006], [121.20508077700003, 13.705554353000025], [121.2209667520001, 13.71594366000005], [121.24751346000005, 13.710859936000077], [121.2541705000001, 13.718090429000029], [121.27097816800006, 13.695532229000037], [121.26705456800005, 13.730394556000022], [121.27965655500009, 13.73422094800003], [121.29234754200002, 13.728402539000058], [121.29432039300002, 13.703749130000062], [121.28779734900002, 13.695897677000062], [121.29364431200008, 13.69011701900007], [121.3401443790001, 13.705475754000076]]]}}, {"type": "Feature", "properties": {"code": "PH0401016", "name": "Mabini", "level": "municipality"}, "geometry": {"type": "Polygon", "coordinates": [[[120.96272560800003, 13.771160999000074], [120.91738559800001, 13.699869628000044], [120.89288217700005, 13.682676938000043], [120.87399869100011, 13.710299225000028], [120.87480103500002, 13.72174904600007], [120.9069684000001, 13.755438304000052], [120.96272560800003, 13.771160999000074]]]}}, {"type": "Feature", "properties": {"code": "PH0401017", "name": "Malvar", "level": "municipality"}, "geometry": {"type": "Polygon", "coordinates": [[[121.18411315700007, 14.030561055000021], [121.14712022100002, 13.992393294000067], [121.13688300700005, 14.019001636000041], [121.12232661300004, 14.029455729000063], [121.10584545600011, 14.027550269000074], [121.10021844800008, 14.03935585000005], [121.15472638000006, 14.05821121200006], [121.15900211000007, 14.074031289000061], [121.18411315700007, 14.030561055000021]]]}}, {"type": "Feature", "properties": {"code": "PH0401018", "name": "Mataasnakahoy", "level": "municipality"}, "geometry": {"type": "Polygon", "coordinates": [[[121.12207315700005, 13.980149231000041], [121.12014029700003, 13.946092942000064], [121.11138107400006, 13.947471245000031], [121.10670780600003, 13.961336956000025], [121.0827876730001, 13.96119058100004], [121.08287328100005, 13.989358862000074], [121.0940057140001, 14.011198904000025], [121.1016688410001, 13.99459149300003], [121.12207315700005, 13.980149231000041]]]}}, {"type": "Feature", "properties": {"code": "PH0401019", "name": "Nasugbu", "level": "municipality"}, "geometry": {"type": "MultiPolygon", "coordinates": [[[[120.59008433800011, 14.239742457000034], [120.59463922700002, 14.23099516800005], [120.5874220930001, 14.237529107000057], [120.59008433800011, 14.239742457000034]]], [[[120.61834722200001, 14.220246020000047], [120.65117905600005, 14.214442581000071], [120.65840315100002, 14.185721820000026], [120.67160067600003, 14.18783680000007], [120.70735536300003, 14.173088780000057], [120.6923513160001, 14.163429119000057], [120.69822050500011, 14.136949860000072], [120.70709071100009, 14.137671883000053], [120.71593295800005, 14.126534449000076], [120.7294194100001, 14.140384557000061], [120.73766362200001, 14.133390720000023], [120.76566159100003, 14.135577451000074], [120.76768094300007, 14.117736821000051], [120.83929156600004, 14.088780735000057], [120.84298026800002, 14.05675646900005], [120.79555869800004, 14.047547806000068], [120.78907278100007, 14.083268000000032], [120.78319867900007, 14.083449291000022], [120.73049405400002, 14.057131759000072], [120.69837398700008, 14.060989265000046], [120.69356648400003, 14.046227518000023], [120.68028086400011, 14.039194723000037], [120.675514582, 14.050356454000053], [120.64736373000005, 14.042202878000069], [120.64465139700008, 14.05382207200006], [120.62433876900002, 14.060262279000028], [120.62267168900007, 14.085343823000073], [120.61706325800003, 14.085928745000047], [120.62416505600004, 14.108380499000077], [120.6196773150001, 14.116323487000045], [120.59436653500006, 14.118647275000058], [120.58994555700008, 14.128015091000066], [120.59527621600012, 14.128368368000054], [120.59541537100006, 14.12989856400003], [120.59658891000004, 14.13006144600007], [120.59654759600005, 14.13017846200006], [120.56834181700003, 14.134519888000057], [120.59327323100001, 14.13307071500003], [120.58636482300005, 14.143701796000073], [120.6099353410001, 14.145538643000066], [120.60478530000012, 14.155714760000023], [120.5850322870001, 14.156996890000073], [120.59661316200004, 14.162103328000057], [120.59047543800011, 14.168445847000044], [120.57541243800006, 14.170900767000035], [120.60564893800006, 14.174057446000063], [120.61341428200001, 14.178083332000028], [120.60757102700006, 14.185825714000032], [120.59392358800005, 14.180324562000067], [120.59744521700009, 14.189284371000042], [120.58295833700004, 14.193582080000056], [120.58637348500008, 14.195979138000041], [120.58372267900006, 14.203974282000047], [120.5925464280001, 14.202865092000025], [120.59488577100001, 14.209945254000047], [120.58399085200006, 14.211956752000049], [120.59076065700003, 14.219043635000048], [120.58776613000009, 14.229512258000057], [120.6013444780001, 14.220087227000022], [120.60838407900007, 14.229108603000043], [120.61834722200001, 14.220246020000047]]], [[[120.58824500000003, 14.222944077000022], [120.58751203800011, 14.223139894000042], [120.58755534700003, 14.223355831000049], [120.58824500000003, 14.222944077000022]]], [[[120.58798293300003, 14.221013266000057], [120.5868252030001, 14.220737126000074], [120.5866602860001, 14.220840468000063], [120.58798293300003, 14.221013266000057]]], [[[120.5838164270001, 14.211131647000059], [120.58320031800008, 14.211897542000031], [120.58416278300001, 14.211487522000027], [120.5838164270001, 14.211131647000059]]], [[[120.57941808800001, 14.19883287700003], [120.57860540500008, 14.199660885000071], [120.58035234600004, 14.19882906600003], [120.57941808800001, 14.19883287700003]]], [[[120.5807387960001, 14.198812771000064], [120.58160646900001, 14.198669475000031], [120.58165456000006, 14.198555271000032], [120.5807387960001, 14.198812771000064]]], [[[120.58032730600007, 14.198598924000066], [120.58028417800006, 14.19864235800003], [120.5803671330001, 14.198647169000026], [120.58032730600007, 14.198598924000066]]], [[[120.58508010900005, 14.197884587000033], [120.58520419700005, 14.197792180000022], [120.5851018830001, 14.19776487100006], [120.58508010900005, 14.197884587000033]]], [[[120.58066390500005, 14.190944782000031], [120.57783681800004, 14.190779598000063], [120.5800864790001, 14.192542222000043], [120.58066390500005, 14.190944782000031]]], [[[120.57388981200006, 14.150400459000025], [120.57308601800003, 14.149214366000024], [120.57155624000006, 14.151834268000073], [120.57388981200006, 14.150400459000025]]], [[[120.57167418600011, 14.149901012000043], [120.56958215300006, 14.149682706000021], [120.57094924100011, 14.150510969000038], [120.57167418600011, 14.149901012000043]]], [[[120.5697257280001, 14.13710581500004], [120.56818628000008, 14.137848818000066], [120.57046357700006, 14.137675014000024], [120.5697257280001, 14.13710581500004]]], [[[120.57014496900001, 14.13655118400004], [120.56964301000005, 14.13640691300003], [120.57031224000002, 14.137155154000027], [120.57014496900001, 14.13655118400004]]], [[[120.58123619100002, 14.118518076000043], [120.580486242, 14.118156652000039], [120.58034080300001, 14.118385861000036], [120.58123619100002, 14.118518076000043]]], [[[120.57596429000012, 14.115832046000037], [120.57619026100008, 14.11465908100007], [120.57560101000001, 14.115487143000053], [120.57596429000012, 14.115832046000037]]], [[[120.57884612900011, 14.113172484000074], [120.57851546900008, 14.113586506000047], [120.57978385000001, 14.113596062000056], [120.57884612900011, 14.113172484000074]]], [[[120.4871481030001, 14.061505560000057], [120.49510215900011, 14.055119528000034], [120.4954339630001, 14.05200310400005], [120.4871481030001, 14.061505560000057]]]]}}, {"type": "Feature", "properties": {"code": "PH0401020", "name": "Padre Garcia", "level": "municipality"}, "geometry": {"type": "Polygon", "coordinates": [[[121.27208522500007, 13.887571265000076], [121.27160968300007, 13.878059858000029], [121.28272368900002, 13.872247323000067], [121.2998538170001, 13.875671105000038], [121.30795183300006, 13.867019690000063], [121.32009489100005, 13.867621497000073], [121.29727471900003, 13.85854710600006], [121.21658535200004, 13.855752720000055], [121.20270741700006, 13.865338180000037], [121.19162348100008, 13.863231819000077], [121.18475550500011, 13.87831744500005], [121.21403214500003, 13.90511089100005], [121.24260657700006, 13.888284484000053], [121.27208522500007, 13.887571265000076]]]}}, {"type": "Feature", "properties": {"code": "PH0401021", "name": "Rosario", "level": "municipality"}, "geometry": {"type": "Polygon", "coordinates": [[[121.32009489100005, 13.867621497000073], [121.34761355500007, 13.862437553000063], [121.36854044100005, 13.869130992000066], [121.34117693000007, 13.847905927000056], [121.33131358600008, 13.815996486000074], [121.32701213400003, 13.73860959700005], [121.3401603750001, 13.70481879700003], [121.29364431200008, 13.69011701900007], [121.28779734900002, 13.695897677000062], [121.29432039300002, 13.703749130000062], [121.29095756700008, 13.732304294000073], [121.26637966300007, 13.74260094400006], [121.28354771500005, 13.756336777000058], [121.27972429400006, 13.770719424000049], [121.25065168300011, 13.78540931200007], [121.24610075600003, 13.779128334000063], [121.231490011, 13.782671803000028], [121.22452420200011, 13.800030401000072], [121.20879980300003, 13.806321984000022], [121.16675531100009, 13.795199817000025], [121.17163813500008, 13.816367531000026], [121.16478141000005, 13.861184669000068], [121.18475550500011, 13.87831744500005], [121.19162348100008, 13.863231819000077], [121.20270741700006, 13.865338180000037], [121.21658535200004, 13.855752720000055], [121.29727471900003, 13.85854710600006], [121.32009489100005, 13.867621497000073]]]}}, {"type": "Feature", "properties": {"code": "PH0401022", "name": "San Jose", "level": "municipality"}, "geometry": {"type": "Polygon", "coordinates": [[[121.13383244300007, 13.882368616000065], [121.10361630800003, 13.839717413000074], [121.09405797600004, 13.84305054500004], [121.06038027500006, 13.83113221900004], [121.0450154670001, 13.861805325000034], [121.06117738700004, 13.866056146000062], [121.05688655000006, 13.876195325000026], [121.07287369800008, 13.901666586000033], [121.07404586400003, 13.928870822000022], [121.11486278400002, 13.918739238000057], [121.119043669, 13.90026240800006], [121.12555866700006, 13.900451358000055], [121.12202657800003, 13.885588339000037], [121.13383244300007, 13.882368616000065]]]}}, {"type": "Feature", "properties": {"code": "PH0401023", "name": "San Juan", "level": "municipality"}, "geometry": {"type": "Polygon", "coordinates": [[[121.37428327600003, 13.866905087000077], [121.38686977700002, 13.845283983000058], [121.40740856500008, 13.839231787000074], [121.41748513700009, 13.843874380000045], [121.44295710200004, 13.824241419000032], [121.44933513900003, 13.830687677000071], [121.45803698400005, 13.815484841000057], [121.4393996870001, 13.794203950000053], [121.43242988200006, 13.75992999400006], [121.43935409400001, 13.734052966000036], [121.45167255800004, 13.722903356000074], [121.44268921700007, 13.695887114000072], [121.45741070300005, 13.701479028000051], [121.47126490300002, 13.68727715700004], [121.41993315100001, 13.654691786000058], [121.3965285160001, 13.672278454000036], [121.35878909300004, 13.654856910000035], [121.35188334800011, 13.70147694700006], [121.33758781000006, 13.709085562000041], [121.32701213400003, 13.73860959700005], [121.33131358600008, 13.815996486000074], [121.34117693000007, 13.847905927000056], [121.36321433900002, 13.866479174000062], [121.37428327600003, 13.866905087000077]]]}}, {"type": "Feature", "properties": {"code": "PH0401024", "name": "San Luis", "level": "municipality"}, "geometry": {"type": "Polygon", "coordinates": [[[120.94522178300008, 13.863091201000032], [120.95877939900004, 13.855423444000053], [120.99090683400004, 13.860029420000046], [120.98260834900009, 13.83647204700003], [120.97787597900003, 13.839568362000023], [120.95057117900001, 13.808016351000049], [120.9120283100001, 13.809711156000049], [120.90163208400008, 13.821868144000064], [120.91522935300009, 13.82994631300005], [120.91466300800005, 13.856136571000036], [120.94522178300008, 13.863091201000032]]]}}, {"type": "Feature", "properties": {"code": "PH0401025", "name": "San Nicolas", "level": "municipality"}, "geometry": {"type": "MultiPolygon", "coordinates": [[[[120.97342435200005, 14.025386767000043], [121.01028517100008, 13.993290193000064], [120.97527834200002, 13.978734023000072], [120.97342435200005, 14.025386767000043]]], [[[120.97622938600011, 13.914430925000033], [120.96740774900002, 13.905797304000032], [120.94009575500002, 13.902052334000075], [120.92523260000007, 13.91580766800007], [120.95071496800006, 13.931273533000024], [120.97622938600011, 13.914430925000033]]]]}}, {"type": "Feature", "properties": {"code": "PH0401026", "name": "San Pascual", "level": "municipality"}, "geometry": {"type": "Polygon", "coordinates": [[[121.06038027500006, 13.83113221900004], [121.0286633610001, 13.769723293000027], [121.01828522700009, 13.771565955000028], [121.02143999600003, 13.782477594000056], [121.00117219300012, 13.803764734000026], [121.0143223880001, 13.846617485000024], [121.03224339600001, 13.849182215000042], [121.0450154670001, 13.861805325000034], [121.06038027500006, 13.83113221900004]]]}}, {"type": "Feature", "properties": {"code": "PH0401027", "name": "Santa Teresita", "level": "municipality"}, "geometry": {"type": "Polygon", "coordinates": [[[120.98096088200009, 13.888084210000045], [120.99090683400004, 13.860029420000046], [120.94486009700006, 13.857900990000076], [120.94486407400007, 13.865627153000048], [120.96231358200009, 13.875079947000074], [120.97622938600011, 13.914430925000033], [120.98330107700008, 13.913144273000057], [120.98096088200009, 13.888084210000045]]]}}, {"type": "Feature", "properties": {"code": "PH0401028", "name": "City of Sto. Tomas", "level": "municipality"}, "geometry": {"type": "Polygon", "coordinates": [[[121.12856213700002, 14.14733801400007], [121.19440848600004, 14.131070861000069], [121.20556391600007, 14.109612395000056], [121.21619239800009, 14.02661468100007], [121.23926711500008, 13.990509283000051], [121.2306621240001, 13.983335389000047], [121.19981892200008, 13.993316488000062], [121.18000592400006, 14.047258856000042], [121.1558456790001, 14.085847021000063], [121.13581241100007, 14.101179659000024], [121.14011747400002, 14.113981798000054], [121.12518344800003, 14.12533490100003], [121.12856213700002, 14.14733801400007]]]}}, {"type": "Feature", "properties": {"code": "PH0401029", "name": "Taal", "level": "municipality"}, "geometry": {"type": "Polygon", "coordinates": [[[120.96895377700002, 13.907470816000057], [120.95776955400004, 13.870224287000042], [120.91480352100007, 13.856323447000022], [120.91870086100005, 13.882849214000032], [120.91202856400002, 13.903681221000056], [120.9206081000001, 13.914719319000028], [120.92547165700012, 13.919064736000053], [120.94009575500002, 13.902052334000075], [120.96895377700002, 13.907470816000057]]]}}, {"type": "Feature", "properties": {"code": "PH0401030", "name": "Talisay", "level": "municipality"}, "geometry": {"type": "MultiPolygon", "coordinates": [[[[121.04848771200011, 14.090233214000023], [121.01414120300001, 14.090794387000074], [120.99911414500002, 14.081151857000066], [120.96830241900011, 14.08673456200006], [120.96124588200007, 14.07554170900005], [120.95716251500005, 14.094669594000038], [120.97143969500007, 14.097899962000042], [120.98037532400008, 14.12008944300004], [121.0099296190001, 14.122935231000042], [121.04335015000004, 14.153926470000044], [121.06057402300007, 14.116065836000075], [121.04848771200011, 14.090233214000023]]], [[[121.01999243000012, 14.017260436000072], [120.99244286400005, 14.011166635000052], [120.96713537900007, 14.038737440000034], [120.97326984500012, 14.042266462000043], [120.98732214200004, 14.031859122000071], [121.01431170100011, 14.042833941000026], [121.01999243000012, 14.017260436000072]]], [[[121.0455878570001, 14.036312026000076], [121.05359312900009, 14.029057898000076], [121.05404554000006, 14.027422543000057], [121.04192580400002, 14.030492029000072], [121.0455878570001, 14.036312026000076]]], [[[121.03123488300002, 14.03250776300007], [121.026570934, 14.031867735000048], [121.02913112800002, 14.035255825000036], [121.03123488300002, 14.03250776300007]]]]}}, {"type": "Feature", "properties": {"code": "PH0401031", "name": "City of Tanauan", "level": "municipality"}, "geometry": {"type": "Polygon", "coordinates": [[[121.12754328900007, 14.145392015000027], [121.12527363400011, 14.125078217000066], [121.14034820200004, 14.11362288600003], [121.13581241100007, 14.101179659000024], [121.1558456790001, 14.085847021000063], [121.16052881100006, 14.066341226000077], [121.09006050100004, 14.033777960000066], [121.05563748500003, 14.02868649100003], [121.07142969900008, 14.06453508900006], [121.05920962500011, 14.08646935300004], [121.04848771200011, 14.090233214000023], [121.06057402300007, 14.116065836000075], [121.04335015000004, 14.153926470000044], [121.10217525200005, 14.155837033000068], [121.12754328900007, 14.145392015000027]]]}}, {"type": "Feature", "properties": {"code": "PH0401032", "name": "Taysan", "level": "municipality"}, "geometry": {"type": "Polygon", "coordinates": [[[121.27965655500009, 13.73422094800003], [121.26705456800005, 13.730394556000022], [121.27097816800006, 13.695532229000037], [121.2541705000001, 13.718090429000029], [121.24751346000005, 13.710859936000077], [121.2209667520001, 13.71594366000005], [121.20508077700003, 13.705554353000025], [121.19822578300011, 13.71594708300006], [121.1784665450001, 13.71934678200006], [121.17788434400006, 13.746836995000024], [121.16243015500004, 13.766072694000059], [121.18655510200006, 13.767261869000038], [121.17498397100007, 13.797626955000055], [121.20879980300003, 13.806321984000022], [121.22452420200011, 13.800030401000072], [121.231490011, 13.782671803000028], [121.24610075600003, 13.779128334000063], [121.25065168300011, 13.78540931200007], [121.27972429400006, 13.770719424000049], [121.28354771500005, 13.756336777000058], [121.26637966300007, 13.74260094400006], [121.27965655500009, 13.73422094800003]]]}}, {"type": "Feature", "properties": {"code": "PH0401033", "name": "Tingloy", "level": "municipality"}, "geometry": {"type": "MultiPolygon", "coordinates": [[[[120.8423737920001, 13.691782853000063], [120.84424933200012, 13.68118656300004], [120.84275075000005, 13.67419097800007], [120.84045105000007, 13.680525471000067], [120.8423737920001, 13.691782853000063]]], [[[120.90499094200004, 13.62441317400004], [120.84196022700007, 13.651250004000076], [120.82679523500008, 13.686340507000068], [120.84092185000009, 13.672415243000046], [120.88492621700004, 13.65488741200005], [120.93402842000012, 13.655373922000024], [120.94625269900007, 13.640115632000061], [120.94187802400006, 13.631716081000036], [120.90499094200004, 13.62441317400004]]], [[[120.9519315450001, 13.628854338000053], [120.94874083600007, 13.631306123000059], [120.95046934700008, 13.630694947000052], [120.9519315450001, 13.628854338000053]]], [[[120.96542583500002, 13.626614105000044], [120.96362411400003, 13.628110437000032], [120.96664626900008, 13.626677291000021], [120.96542583500002, 13.626614105000044]]]]}}, {"type": "Feature", "properties": {"code": "PH0401034", "name": "Tuy", "level": "municipality"}, "geometry": {"type": "Polygon", "coordinates": [[[120.8007766930001, 14.047086805000049], [120.78583851400003, 14.017221814000038], [120.73449600900005, 13.981375280000066], [120.71795118400007, 13.960240879000025], [120.7078273520001, 13.987226201000055], [120.68622840300009, 13.994589854000026], [120.68865766500005, 14.037231098000063], [120.69837398700008, 14.060989265000046], [120.73049405400002, 14.057131759000072], [120.7597157670001, 14.076209317000064], [120.78854142700004, 14.083359267000048], [120.79326172600008, 14.051971535000064], [120.8007766930001, 14.047086805000049]]]}}, {"type": "Feature", "properties": {"code": "PH0402101", "name": "Alfonso", "level": "municipality"}, "geometry": {"type": "Polygon", "coordinates": [[[120.82707136600004, 14.19567371900007], [120.83084953000002, 14.180693262000034], [120.84899905700001, 14.167674740000052], [120.88096854900004, 14.121966092000036], [120.8937185420001, 14.089744275000044], [120.86241478200009, 14.07542182900005], [120.84677367500001, 14.056573745000037], [120.83929156600004, 14.088780735000057], [120.76768094300007, 14.117736821000051], [120.77090868500011, 14.130180637000024], [120.77910130200007, 14.123753629000078], [120.78634660700004, 14.132844097000032], [120.80335175700009, 14.122619669000073], [120.80431557300005, 14.133323985000061], [120.83815971900003, 14.150286013000027], [120.81727469500004, 14.189387706000048], [120.82707136600004, 14.19567371900007]]]}}, {"type": "Feature", "properties": {"code": "PH0402102", "name": "Amadeo", "level": "municipality"}, "geometry": {"type": "Polygon", "coordinates": [[[120.95536727600006, 14.133938909000051], [120.92940405800005, 14.124512812000035], [120.92549652700006, 14.15806897300007], [120.89660446700009, 14.21808642600007], [120.93049755100003, 14.227111379000064], [120.94049078600005, 14.185344542000053], [120.95090184800006, 14.173839486000077], [120.95536727600006, 14.133938909000051]]]}}, {"type": "Feature", "properties": {"code": "PH0402103", "name": "Bacoor City", "level": "municipality"}, "geometry": {"type": "Polygon", "coordinates": [[[121.01078450300008, 14.374852788000055], [121.00689103200011, 14.353943146000063], [120.98167264900007, 14.358650344000068], [120.97225965500002, 14.392458783000052], [120.94747573400002, 14.42163591700006], [120.94848814400007, 14.433343428000057], [120.93953870600001, 14.431593832000033], [120.93095659800008, 14.442444054000077], [120.92818537400001, 14.456796002000033], [120.92449462200011, 14.459547616000066], [120.92468717600002, 14.461600652000072], [120.9701566110001, 14.475500013000044], [120.9698520710001, 14.446804095000061], [120.98410719000003, 14.433397659000036], [121.01078450300008, 14.374852788000055]]]}}, {"type": "Feature", "properties": {"code": "PH0402104", "name": "Carmona", "level": "municipality"}, "geometry": {"type": "Polygon", "coordinates": [[[121.04078197800004, 14.274356814000043], [121.02271399100005, 14.28190939700005], [121.00101652500007, 14.27914882400006], [121.02689273400006, 14.31135837200003], [121.02839123100011, 14.325114825000071], [121.07749883300005, 14.32786512000007], [121.04078197800004, 14.274356814000043]]]}}, {"type": "Feature", "properties": {"code": "PH0402105", "name": "Cavite City", "level": "municipality"}, "geometry": {"type": "MultiPolygon", "coordinates": [[[[120.8868116210001, 14.465139734000047], [120.88560707600004, 14.454230039000038], [120.87844767800004, 14.456535049000024], [120.89308403900009, 14.49123146100004], [120.91775957800007, 14.49901669600007], [120.90312482200011, 14.484396041000025], [120.91711700500002, 14.484270105000064], [120.92096528700006, 14.48073591800005], [120.89706031200001, 14.47532800700003], [120.8868116210001, 14.465139734000047]]], [[[120.57977691400004, 14.372495062000041], [120.56677657600005, 14.37617556400005], [120.56363120000003, 14.388472838000041], [120.60788408200006, 14.393892833000052], [120.61543488200005, 14.391004076000058], [120.62044729600007, 14.385737173000052], [120.5931371580001, 14.387530225000035], [120.57977691400004, 14.372495062000041]]], [[[120.62204215400004, 14.383082582000043], [120.62122322700009, 14.383863872000063], [120.6211975330001, 14.384425319000059], [120.62204215400004, 14.383082582000043]]], [[[120.62270498700002, 14.37017953700007], [120.6139057580001, 14.364601547000063], [120.61216342300008, 14.365468085000032], [120.62270498700002, 14.37017953700007]]]]}}, {"type": "Feature", "properties": {"code": "PH0402106", "name": "City of Dasmari\u00f1as", "level": "municipality"}, "geometry": {"type": "Polygon", "coordinates": [[[120.98160995, 14.36443538800006], [120.98362215000009, 14.357535092000035], [121.01627274000009, 14.351636280000037], [120.99034956800006, 14.278434422000032], [120.99493187900009, 14.264895066000065], [120.96230171700006, 14.262588988000061], [120.95867842000007, 14.24915594600003], [120.94261351300008, 14.247359946000074], [120.93087130800006, 14.278982879000068], [120.9328960580001, 14.302859695000052], [120.92039535300012, 14.354128292000041], [120.94069355600004, 14.364703529000053], [120.98160995, 14.36443538800006]]]}}, {"type": "Feature", "properties": {"code": "PH0402107", "name": "General Emilio Aguinaldo", "level": "municipality"}, "geometry": {"type": "Polygon", "coordinates": [[[120.78265975300008, 14.238251295000055], [120.83815971900003, 14.150286013000027], [120.80546146800009, 14.133761251000067], [120.78370321900002, 14.160590290000073], [120.773960224, 14.19336656300004], [120.77159791100007, 14.207570470000064], [120.78265975300008, 14.238251295000055]]]}}, {"type": "Feature", "properties": {"code": "PH0402108", "name": "City of General Trias", "level": "municipality"}, "geometry": {"type": "Polygon", "coordinates": [[[120.8767417150001, 14.421649351000042], [120.91368230700004, 14.376773580000076], [120.9328960580001, 14.302859695000052], [120.93294658600007, 14.277873429000067], [120.92588135000005, 14.276682398000048], [120.92128530900004, 14.249366707000036], [120.93049755100003, 14.227111379000064], [120.90181092700004, 14.219693347000032], [120.89037764200009, 14.239841240000032], [120.90183266500003, 14.244314681000048], [120.89586705900001, 14.26964373800007], [120.90098170100009, 14.275170565000053], [120.89059501000008, 14.31113042800007], [120.87015438600008, 14.312391266000077], [120.8753876070001, 14.379538337000042], [120.85953450800002, 14.400816333000023], [120.87669265700004, 14.404054249000069], [120.8767417150001, 14.421649351000042]]]}}, {"type": "Feature", "properties": {"code": "PH0402109", "name": "Imus City", "level": "municipality"}, "geometry": {"type": "Polygon", "coordinates": [[[120.93195640800002, 14.442095284000061], [120.93953870600001, 14.431593832000033], [120.94848814400007, 14.433343428000057], [120.94747573400002, 14.42163591700006], [120.97225965500002, 14.392458783000052], [120.9700098720001, 14.382938721000073], [120.98160995, 14.36443538800006], [120.94069355600004, 14.364703529000053], [120.92039535300012, 14.354128292000041], [120.91590604800001, 14.359820916000047], [120.90582189800011, 14.393613542000026], [120.89276344100006, 14.408817932000034], [120.90335117600011, 14.418828460000043], [120.91822857700004, 14.41384748300004], [120.91114899900003, 14.442719577000048], [120.93195640800002, 14.442095284000061]]]}}, {"type": "Feature", "properties": {"code": "PH0402110", "name": "Indang", "level": "municipality"}, "geometry": {"type": "Polygon", "coordinates": [[[120.8107204690001, 14.240763187000027], [120.87351261600008, 14.245638771000074], [120.89313632300002, 14.226886575000037], [120.92549652700006, 14.15806897300007], [120.92780271800007, 14.12098204800003], [120.90166580300001, 14.155434654000032], [120.89399553100009, 14.142559334000055], [120.87027712000008, 14.135361117000059], [120.84899905700001, 14.167674740000052], [120.83084953000002, 14.180693262000034], [120.82491945900006, 14.218146872000034], [120.8107204690001, 14.240763187000027]]]}}, {"type": "Feature", "properties": {"code": "PH0402111", "name": "Kawit", "level": "municipality"}, "geometry": {"type": "Polygon", "coordinates": [[[120.91938062500003, 14.467650520000063], [120.93183135800007, 14.441669946000047], [120.91051849900009, 14.441607594000061], [120.91822857700004, 14.41384748300004], [120.90335117600011, 14.418828460000043], [120.89276344100006, 14.408817932000034], [120.88503763900007, 14.454319051000027], [120.89472868300004, 14.44984462900004], [120.90043450200005, 14.457416799000043], [120.90197956400004, 14.448548524000046], [120.90893953000011, 14.457518648000075], [120.91342875100008, 14.449426447000064], [120.92295259500008, 14.460148752000066], [120.91938062500003, 14.467650520000063]]]}}, {"type": "Feature", "properties": {"code": "PH0402112", "name": "Magallanes", "level": "municipality"}, "geometry": {"type": "Polygon", "coordinates": [[[120.77730567000003, 14.215437012000052], [120.77159791100007, 14.207570470000064], [120.77911215100005, 14.171351754000057], [120.80675103100009, 14.132075516000043], [120.80455202900009, 14.123544099000071], [120.78634660700004, 14.132844097000032], [120.77910130200007, 14.123753629000078], [120.76566159100003, 14.135577451000074], [120.73766362200001, 14.133390720000023], [120.7294194100001, 14.140384557000061], [120.71593295800005, 14.126534449000076], [120.70709071100009, 14.137671883000053], [120.69822050500011, 14.136949860000072], [120.69292440400011, 14.164291645000048], [120.7145894790001, 14.171147537000024], [120.72707008000009, 14.194192715000042], [120.77730567000003, 14.215437012000052]]]}}, {"type": "Feature", "properties": {"code": "PH0402113", "name": "Maragondon", "level": "municipality"}, "geometry": {"type": "Polygon", "coordinates": [[[120.78422213800002, 14.27658943800003], [120.82491945900006, 14.218146872000034], [120.82707136600004, 14.19567371900007], [120.81572268700006, 14.19285953900004], [120.78265975300008, 14.238251295000055], [120.77922863200001, 14.216985083000054], [120.72707008000009, 14.194192715000042], [120.71427297700006, 14.17097711200006], [120.67160067600003, 14.18783680000007], [120.65840315100002, 14.185721820000026], [120.65117905600005, 14.214442581000071], [120.64127248300008, 14.211184781000043], [120.618327367, 14.220240844000045], [120.62581141400005, 14.226380861000052], [120.62036335700009, 14.254949313000054], [120.6356412780001, 14.240976321000062], [120.63575045700009, 14.229832675000068], [120.65954892500008, 14.228072788000077], [120.68268084400006, 14.240011062000065], [120.71500990800007, 14.27969087100007], [120.72803699100007, 14.275930738000056], [120.74281240200003, 14.298759740000037], [120.76659562800012, 14.279315845000042], [120.78422213800002, 14.27658943800003]]]}}, {"type": "Feature", "properties": {"code": "PH0402114", "name": "Mendez (Mendez-Nu\u00f1ez)", "level": "municipality"}, "geometry": {"type": "Polygon", "coordinates": [[[120.92468976100008, 14.121085607000055], [120.88694342800011, 14.11216568900005], [120.87027712000008, 14.135361117000059], [120.89399553100009, 14.142559334000055], [120.90166580300001, 14.155434654000032], [120.92468976100008, 14.121085607000055]]]}}, {"type": "Feature", "properties": {"code": "PH0402115", "name": "Naic", "level": "municipality"}, "geometry": {"type": "Polygon", "coordinates": [[[120.78140687500002, 14.346933978000038], [120.79639293800005, 14.346337319000042], [120.81220790500004, 14.333932939000022], [120.81495166600007, 14.290149556000074], [120.83747565200008, 14.267524277000064], [120.85258583500001, 14.263253527000074], [120.86285398300004, 14.245360892000065], [120.8107204690001, 14.240763187000027], [120.78422213800002, 14.27658943800003], [120.76659562800012, 14.279315845000042], [120.7342095680001, 14.30630155800003], [120.73221623000006, 14.316260098000043], [120.76863065900011, 14.331655502000046], [120.78140687500002, 14.346933978000038]]]}}, {"type": "Feature", "properties": {"code": "PH0402116", "name": "Noveleta", "level": "municipality"}, "geometry": {"type": "Polygon", "coordinates": [[[120.88503763900007, 14.454319051000027], [120.88974619400005, 14.425339979000057], [120.88664544300002, 14.415545056000042], [120.87115685800006, 14.43113760700004], [120.87844767800004, 14.456535049000024], [120.88503763900007, 14.454319051000027]]]}}, {"type": "Feature", "properties": {"code": "PH0402117", "name": "Rosario", "level": "municipality"}, "geometry": {"type": "Polygon", "coordinates": [[[120.8767417150001, 14.421649351000042], [120.87096790300006, 14.39984929700006], [120.84546888200009, 14.409663160000036], [120.84607402800009, 14.417528511000057], [120.86968999900012, 14.430903649000072], [120.8767417150001, 14.421649351000042]]]}}, {"type": "Feature", "properties": {"code": "PH0402118", "name": "Silang", "level": "municipality"}, "geometry": {"type": "Polygon", "coordinates": [[[120.99267530500003, 14.28428333100004], [121.04117286500002, 14.273904769000069], [121.03314673000011, 14.25147073200003], [121.05425063200005, 14.256435864000025], [121.04637207600001, 14.227756415000044], [121.05282869100006, 14.21626380400005], [121.031764898, 14.202937527000074], [121.0152808140001, 14.155680318000066], [120.95536727600006, 14.133938909000051], [120.95090184800006, 14.173839486000077], [120.94049078600005, 14.185344542000053], [120.93743008600006, 14.213867659000073], [120.92147852100004, 14.248005027000033], [120.92588135000005, 14.276682398000048], [120.9347243740001, 14.275657885000044], [120.94261351300008, 14.247359946000074], [120.95867842000007, 14.24915594600003], [120.96230171700006, 14.262588988000061], [120.99278960000004, 14.260771461000047], [120.99267530500003, 14.28428333100004]]]}}, {"type": "Feature", "properties": {"code": "PH0402119", "name": "Tagaytay City", "level": "municipality"}, "geometry": {"type": "Polygon", "coordinates": [[[121.03586636200009, 14.151780380000048], [121.0099296190001, 14.122935231000042], [120.98037532400008, 14.12008944300004], [120.97143969500007, 14.097899962000042], [120.93759739600011, 14.085943367000027], [120.89980116000004, 14.077959103000069], [120.88427296000009, 14.109836457000029], [121.01360637100004, 14.155325133000076], [121.03586636200009, 14.151780380000048]]]}}, {"type": "Feature", "properties": {"code": "PH0402120", "name": "Tanza", "level": "municipality"}, "geometry": {"type": "Polygon", "coordinates": [[[120.8454475740001, 14.409728414000028], [120.8746054390001, 14.383334568000066], [120.86863036200009, 14.349379373000033], [120.87385359400002, 14.336854638000034], [120.8658950680001, 14.31221590000007], [120.845931887, 14.30876369300006], [120.83911393300002, 14.299454911000055], [120.84365685300008, 14.29093886100003], [120.82168385200009, 14.283527832000061], [120.81270164500006, 14.296618648000049], [120.81790410600001, 14.30718792700003], [120.80846621100011, 14.324443419000033], [120.81220790500004, 14.333932939000022], [120.79639293800005, 14.346337319000042], [120.78783886100007, 14.34458263700003], [120.78014713700009, 14.349333370000068], [120.8454475740001, 14.409728414000028]]]}}, {"type": "Feature", "properties": {"code": "PH0402121", "name": "Ternate", "level": "municipality"}, "geometry": {"type": "MultiPolygon", "coordinates": [[[[120.74281240200003, 14.298759740000037], [120.72803699100007, 14.275930738000056], [120.71500990800007, 14.27969087100007], [120.68268084400006, 14.240011062000065], [120.65110946800007, 14.225352963000034], [120.63575045700009, 14.229832675000068], [120.62211054000011, 14.261263936000034], [120.63041594800006, 14.272151225000073], [120.63458764400002, 14.265468442000042], [120.6554936770001, 14.285755082000037], [120.65783194000005, 14.277968091000048], [120.66226495600006, 14.28505797300005], [120.67857403300002, 14.27980049200005], [120.71015800500004, 14.29169965400007], [120.7121096840001, 14.286540135000052], [120.71466510300002, 14.286536253000065], [120.73192169100003, 14.315684324000074], [120.74281240200003, 14.298759740000037]]], [[[120.71299547800004, 14.288014443000066], [120.71063906300003, 14.293612406000022], [120.71391961100005, 14.295202377000066], [120.71381945300004, 14.296505712000055], [120.71476903700011, 14.29690299400005], [120.71299547800004, 14.288014443000066]]], [[[120.61445398600006, 14.272257588000059], [120.61251727800004, 14.266657832000021], [120.61322401500001, 14.272345787000063], [120.61445398600006, 14.272257588000059]]]]}}, {"type": "Feature", "properties": {"code": "PH0402122", "name": "Trece Martires City (Capital)", "level": "municipality"}, "geometry": {"type": "Polygon", "coordinates": [[[120.86817714900008, 14.321340120000059], [120.87546313500002, 14.307100794000064], [120.89059501000008, 14.31113042800007], [120.89380972300012, 14.302445255000066], [120.9010613690001, 14.27478816300004], [120.89586705900001, 14.26964373800007], [120.90183266500003, 14.244314681000048], [120.89037764200009, 14.239841240000032], [120.90177753300009, 14.220035634000055], [120.89695447500003, 14.21817734700005], [120.87351261600008, 14.245638771000074], [120.86285398300004, 14.245360892000065], [120.85258583500001, 14.263253527000074], [120.82168385200009, 14.283527832000061], [120.84365685300008, 14.29093886100003], [120.83911393300002, 14.299454911000055], [120.84467857300001, 14.307510380000053], [120.86430834900011, 14.31098899400007], [120.86817714900008, 14.321340120000059]]]}}, {"type": "Feature", "properties": {"code": "PH0402123", "name": "Gen. Mariano Alvarez", "level": "municipality"}, "geometry": {"type": "Polygon", "coordinates": [[[121.0322835610001, 14.33462025700004], [121.0387721620001, 14.324763627000038], [121.02792528400005, 14.324674340000058], [121.02689273400006, 14.31135837200003], [121.00273528800005, 14.281673097000066], [120.99348689300007, 14.285427309000056], [121.0103643010001, 14.320991670000069], [121.0322835610001, 14.33462025700004]]]}}, {"type": "Feature", "properties": {"code": "PH0403401", "name": "Alaminos", "level": "municipality"}, "geometry": {"type": "Polygon", "coordinates": [[[121.2774341810001, 14.090425320000065], [121.27254761400002, 14.066273792000061], [121.28729335500009, 14.067590481000025], [121.2880535060001, 14.047767794000038], [121.28146193500004, 14.04864667000004], [121.26414024200005, 14.005210781000073], [121.23926711500008, 13.990509283000051], [121.21619239800009, 14.02661468100007], [121.20995377400004, 14.086984826000048], [121.23630215500009, 14.069750187000068], [121.25952756400011, 14.078371451000066], [121.26223781600004, 14.097967810000057], [121.2774341810001, 14.090425320000065]]]}}, {"type": "Feature", "properties": {"code": "PH0403402", "name": "Bay", "level": "municipality"}, "geometry": {"type": "Polygon", "coordinates": [[[121.29251348800005, 14.197097202000066], [121.30128223000008, 14.17807404000007], [121.29394360900005, 14.169187131000058], [121.2963475900001, 14.153597034000029], [121.25597692200006, 14.114649772000064], [121.23670578000008, 14.107110500000033], [121.2194397400001, 14.082322071000021], [121.20995377400004, 14.086984826000048], [121.20831795300012, 14.113418667000076], [121.23409269800004, 14.112847012000032], [121.26314130800006, 14.155092871000022], [121.26622697500011, 14.17849672400007], [121.25989280600004, 14.190693207000038], [121.29251348800005, 14.197097202000066]]]}}, {"type": "Feature", "properties": {"code": "PH0403403", "name": "City of Bi\u00f1an", "level": "municipality"}, "geometry": {"type": "Polygon", "coordinates": [[[121.09983031200011, 14.336565695000047], [121.08874868600003, 14.317428191000033], [121.090895122, 14.291319731000044], [121.05254362000005, 14.253968674000077], [121.03531840500011, 14.248877594000021], [121.04853321200005, 14.292897324000023], [121.07749883300005, 14.32786512000007], [121.03917911700012, 14.32357595700006], [121.03959110300002, 14.331612136000047], [121.07458671800009, 14.34908181700007], [121.07649749100005, 14.360835636000047], [121.09093242800009, 14.356038872000056], [121.09983031200011, 14.336565695000047]]]}}, {"type": "Feature", "properties": {"code": "PH0403404", "name": "Cabuyao City", "level": "municipality"}, "geometry": {"type": "Polygon", "coordinates": [[[121.17483710200008, 14.238016397000024], [121.13502193400006, 14.22462061300007], [121.13000121100004, 14.234449174000076], [121.11615266100011, 14.237738544000024], [121.06792943300002, 14.217810916000076], [121.03471897800011, 14.186269689000028], [121.02636499300002, 14.157402716000036], [121.0152808140001, 14.155680318000066], [121.03790104300003, 14.210904442000071], [121.10976099700008, 14.240730476000067], [121.11886768700003, 14.254830490000074], [121.11409382200009, 14.273310647000073], [121.13056747300004, 14.298400536000031], [121.16284849400006, 14.268534699000043], [121.17483710200008, 14.238016397000024]]]}}, {"type": "Feature", "properties": {"code": "PH0403405", "name": "City of Calamba", "level": "municipality"}, "geometry": {"type": "MultiPolygon", "coordinates": [[[[121.20572193500004, 14.186960463000048], [121.20124722300011, 14.17213061800004], [121.1713093940001, 14.139534322000031], [121.13347627600001, 14.141672596000035], [121.10217525200005, 14.155837033000068], [121.03586636200009, 14.151780380000048], [121.02636499300002, 14.157402716000036], [121.0336705200001, 14.18473732700005], [121.049252464, 14.193809158000022], [121.05586057800008, 14.208744525000043], [121.11615266100011, 14.237738544000024], [121.13000121100004, 14.234449174000076], [121.13502193400006, 14.22462061300007], [121.18383576000008, 14.236278510000034], [121.19206740200002, 14.215920121000067], [121.17786775700006, 14.194548655000062], [121.19663173300012, 14.181952233000061], [121.20572193500004, 14.186960463000048]]], [[[121.20473219600001, 14.218150750000063], [121.20326915900011, 14.218426623000028], [121.20327606800004, 14.219953543000031], [121.20473219600001, 14.218150750000063]]]]}}, {"type": "Feature", "properties": {"code": "PH0403406", "name": "Calauan", "level": "municipality"}, "geometry": {"type": "Polygon", "coordinates": [[[121.29986835900002, 14.201107752000041], [121.32677779200003, 14.178149235000035], [121.34548319500004, 14.185795130000031], [121.36527607500011, 14.14861793800003], [121.3453610680001, 14.145759240000075], [121.31754584400005, 14.107215888000042], [121.29847159200006, 14.11611761200004], [121.2774341810001, 14.090425320000065], [121.26223781600004, 14.097967810000057], [121.25952756400011, 14.078371451000066], [121.23630215500009, 14.069750187000068], [121.2194397400001, 14.082322071000021], [121.23670578000008, 14.107110500000033], [121.25597692200006, 14.114649772000064], [121.2963475900001, 14.153597034000029], [121.29394360900005, 14.169187131000058], [121.30128223000008, 14.17807404000007], [121.29251348800005, 14.197097202000066], [121.29986835900002, 14.201107752000041]]]}}, {"type": "Feature", "properties": {"code": "PH0403407", "name": "Cavinti", "level": "municipality"}, "geometry": {"type": "Polygon", "coordinates": [[[121.52960695100012, 14.29244863100007], [121.53862664000007, 14.285917378000022], [121.53598041600003, 14.291829336000035], [121.54283604600005, 14.287201065000033], [121.54083469300008, 14.291108885000028], [121.54320667600007, 14.292464496000036], [121.54550010700007, 14.276645366000025], [121.5541323760001, 14.272209339000028], [121.5840356860001, 14.267844964000062], [121.6240100980001, 14.292617072000041], [121.63451880200012, 14.289790898000035], [121.63096461200007, 14.260948127000063], [121.5899512520001, 14.199159350000059], [121.47816078800008, 14.221267222000051], [121.47140519000004, 14.26354191300004], [121.501694283, 14.262023709000061], [121.50337971300007, 14.288320998000074], [121.5095314880001, 14.285881911000047], [121.51114628100004, 14.292506782000032], [121.51366563800002, 14.286219844000072], [121.5383097030001, 14.283758979000027], [121.52960695100012, 14.29244863100007]]]}}, {"type": "Feature", "properties": {"code": "PH0403408", "name": "Famy", "level": "municipality"}, "geometry": {"type": "Polygon", "coordinates": [[[121.43412495300004, 14.426390470000058], [121.43747202000009, 14.43936898800007], [121.43059290500003, 14.452992531000064], [121.44394635000003, 14.45225055700007], [121.44699290200003, 14.46380821200006], [121.46162778500002, 14.472801786000048], [121.46149487700006, 14.505372394000062], [121.47764384700008, 14.528002485000059], [121.49757488600005, 14.493596515000036], [121.51036822100002, 14.494023726000023], [121.51999358900002, 14.487339317000021], [121.5175880590001, 14.481118012000024], [121.49798034300011, 14.468306038000037], [121.4828730370001, 14.477645333000055], [121.45731751400001, 14.454083281000067], [121.45114633500009, 14.43091522800006], [121.43412495300004, 14.426390470000058]]]}}, {"type": "Feature", "properties": {"code": "PH0403409", "name": "Kalayaan", "level": "municipality"}, "geometry": {"type": "Polygon", "coordinates": [[[121.59369341600006, 14.33445456100003], [121.54905594500008, 14.296371411000052], [121.54149319900012, 14.295689696000068], [121.54686036300006, 14.298213899000075], [121.5489260490001, 14.300540864000027], [121.54311529600011, 14.297993593000058], [121.5467244130001, 14.302443113000038], [121.54486647800002, 14.304996907000032], [121.54156485100009, 14.298724497000023], [121.54020238100009, 14.305534866000073], [121.53992739900002, 14.30058245500004], [121.53238753200003, 14.301980053000023], [121.53630782900007, 14.31501763500006], [121.47780973600004, 14.314218783000058], [121.47311987900002, 14.315024292000032], [121.47088006600006, 14.316779496000038], [121.46904969800005, 14.319885568000075], [121.47346211900003, 14.317128560000072], [121.47923246800008, 14.351257862000068], [121.48588979400006, 14.35278302200004], [121.58534580100002, 14.357021670000051], [121.59369341600006, 14.33445456100003]]]}}, {"type": "Feature", "properties": {"code": "PH0403410", "name": "Liliw", "level": "municipality"}, "geometry": {"type": "Polygon", "coordinates": [[[121.43863580100003, 14.166218939000032], [121.46081883500005, 14.119029279000074], [121.48655965400008, 14.092297851000069], [121.48737778300006, 14.068562180000072], [121.43448184400006, 14.117888509000068], [121.40054022000004, 14.198572570000067], [121.37104204500008, 14.184135913000034], [121.37044934800008, 14.19296205300003], [121.38421127800007, 14.201335830000062], [121.38740690100008, 14.218007693000061], [121.40390503800006, 14.219768061000025], [121.4082894170001, 14.188612958000022], [121.42589170400004, 14.180935839000028], [121.43491561000008, 14.162353673000041], [121.43863580100003, 14.166218939000032]]]}}, {"type": "Feature", "properties": {"code": "PH0403411", "name": "Los Ba\u00f1os", "level": "municipality"}, "geometry": {"type": "Polygon", "coordinates": [[[121.25989280600004, 14.190693207000038], [121.26622697500011, 14.17849672400007], [121.26314130800006, 14.155092871000022], [121.23175198500007, 14.111164624000025], [121.21456237300004, 14.115407167000058], [121.20556391600007, 14.109612395000056], [121.19440848600004, 14.131070861000069], [121.1713093940001, 14.139534322000031], [121.20124722300011, 14.17213061800004], [121.20572193500004, 14.186960463000048], [121.21329140600005, 14.178441531000033], [121.23320685100009, 14.187798884000074], [121.23708696500012, 14.198157195000022], [121.25989280600004, 14.190693207000038]]]}}, {"type": "Feature", "properties": {"code": "PH0403412", "name": "Luisiana", "level": "municipality"}, "geometry": {"type": "Polygon", "coordinates": [[[121.45862711200004, 14.21989807600005], [121.5302713530001, 14.215331929000058], [121.60877174200004, 14.189993190000052], [121.58887641700005, 14.159986987000025], [121.55632391600011, 14.162308550000034], [121.54371610400005, 14.174902572000065], [121.52673662500001, 14.17115433600003], [121.53533726, 14.157077596000022], [121.5217919700001, 14.146058593000078], [121.46893725100006, 14.186684872000058], [121.45862711200004, 14.21989807600005]]]}}, {"type": "Feature", "properties": {"code": "PH0403413", "name": "Lumban", "level": "municipality"}, "geometry": {"type": "MultiPolygon", "coordinates": [[[[121.46904969800005, 14.319885568000075], [121.47780973600004, 14.314218783000058], [121.53630782900007, 14.31501763500006], [121.53364687400006, 14.303562871000054], [121.5228300760001, 14.311244954000074], [121.51229469600003, 14.309397228000023], [121.52869115500005, 14.304879528000072], [121.52122408200012, 14.303968582000039], [121.52760395300004, 14.301102703000026], [121.52901757300003, 14.296823636000056], [121.52563015400005, 14.293909390000067], [121.52269905600008, 14.301153121000027], [121.51623176600003, 14.301493875000062], [121.51815300900012, 14.30037629800006], [121.51729862800005, 14.298272541000074], [121.51961642200001, 14.297535655000047], [121.51983075100009, 14.295166820000077], [121.51658702300006, 14.296539860000053], [121.5153052600001, 14.300835394000046], [121.50570230300002, 14.302287775000025], [121.506290551, 14.293201534000048], [121.49057678700001, 14.30321178500003], [121.50337971300007, 14.288320998000074], [121.501694283, 14.262023709000061], [121.47405839800001, 14.265717572000028], [121.4617455990001, 14.27402107000006], [121.46191415500004, 14.283264534000068], [121.42902022500004, 14.271394775000033], [121.42966543400007, 14.292195821000064], [121.44004880600005, 14.292795024000043], [121.42538082600004, 14.297141016000069], [121.4241896960001, 14.308186337000052], [121.43591781300006, 14.300615282000024], [121.44106436400011, 14.321030052000026], [121.41879566900002, 14.337069530000065], [121.42610152700001, 14.33460612500005], [121.42905023000003, 14.343981589000066], [121.43763734200002, 14.33600296800006], [121.44053373200006, 14.346161410000036], [121.4562679280001, 14.331673591000026], [121.45434259500007, 14.325397172000066], [121.46497818800003, 14.323303335000048], [121.46090313000002, 14.32070354800004], [121.45817623800008, 14.314867728000024], [121.46904969800005, 14.319885568000075]]], [[[121.41724583000007, 14.336057352000068], [121.41928621000011, 14.334902039000042], [121.41707369200003, 14.33558578700007], [121.41724583000007, 14.336057352000068]]], [[[121.6240100980001, 14.292617072000041], [121.5840356860001, 14.267844964000062], [121.54550010700007, 14.276645366000025], [121.54366092300006, 14.292048075000025], [121.56345138000006, 14.294188820000045], [121.56787426200003, 14.305460006000033], [121.55310201400005, 14.29644806400006], [121.55092962600008, 14.302589805000025], [121.59369341600006, 14.33445456100003], [121.60825957700001, 14.29685296200006], [121.6240100980001, 14.292617072000041]]], [[[121.43780089600011, 14.322686992000058], [121.43705483100007, 14.321911236000062], [121.4373144540001, 14.322851698000022], [121.43780089600011, 14.322686992000058]]], [[[121.43650365600001, 14.321251244000052], [121.43559936800011, 14.320718671000066], [121.43605571700004, 14.32150778700003], [121.43650365600001, 14.321251244000052]]]]}}, {"type": "Feature", "properties": {"code": "PH0403414", "name": "Mabitac", "level": "municipality"}, "geometry": {"type": "MultiPolygon", "coordinates": [[[[121.43059290500003, 14.452992531000064], [121.43806952700004, 14.43460876000006], [121.43401790200005, 14.423013489000027], [121.44248095700004, 14.415503357000034], [121.44128021300003, 14.396980874000064], [121.43398589300011, 14.393063716000029], [121.4329674060001, 14.405779249000034], [121.42789465400006, 14.396759984000028], [121.43230961600011, 14.387426959000038], [121.41580472700002, 14.397419698000022], [121.40871115900006, 14.393504833000065], [121.4074418570001, 14.41437884100003], [121.39214138600005, 14.398560149000048], [121.3869994480001, 14.411943693000069], [121.3666336340001, 14.407342356000072], [121.36243190200003, 14.45419388700003], [121.37543300100003, 14.451434985000049], [121.37797445700005, 14.466835980000042], [121.43059290500003, 14.452992531000064]]], [[[121.43163554400007, 14.397821158000056], [121.43105247000005, 14.396296082000049], [121.43085051000003, 14.398493876000032], [121.43163554400007, 14.397821158000056]]]]}}, {"type": "Feature", "properties": {"code": "PH0403415", "name": "Magdalena", "level": "municipality"}, "geometry": {"type": "Polygon", "coordinates": [[[121.45892766200006, 14.240124194000032], [121.45730475300002, 14.210998953000058], [121.467114949, 14.195399861000055], [121.4404146280001, 14.181907098000067], [121.43491561000008, 14.162353673000041], [121.42589170400004, 14.180935839000028], [121.4082894170001, 14.188612958000022], [121.40383054500012, 14.223728806000054], [121.45892766200006, 14.240124194000032]]]}}, {"type": "Feature", "properties": {"code": "PH0403416", "name": "Majayjay", "level": "municipality"}, "geometry": {"type": "Polygon", "coordinates": [[[121.5146534810001, 14.149341407000065], [121.51515174200006, 14.109498573000053], [121.49208853200003, 14.07325804800007], [121.4848916730001, 14.095229672000073], [121.45869786000003, 14.122857045000046], [121.43723108000006, 14.174537710000038], [121.46636609400002, 14.194994231000067], [121.5146534810001, 14.149341407000065]]]}}, {"type": "Feature", "properties": {"code": "PH0403417", "name": "Nagcarlan", "level": "municipality"}, "geometry": {"type": "Polygon", "coordinates": [[[121.48317533400007, 14.068661724000037], [121.43924250000009, 14.062935025000058], [121.41974175400003, 14.102105613000049], [121.3975459080001, 14.124712287000023], [121.38409511500004, 14.130563778000067], [121.36933033800005, 14.120669836000047], [121.36088092500006, 14.124090544000069], [121.3457680250001, 14.138879681000049], [121.3453610680001, 14.145759240000075], [121.36527607500011, 14.14861793800003], [121.3473163000001, 14.183158821000063], [121.37044934800008, 14.19296205300003], [121.37527943000009, 14.185130600000036], [121.40054022000004, 14.198572570000067], [121.41411584200011, 14.176710032000074], [121.42481590800003, 14.133024801000033], [121.45218369000008, 14.094841890000055], [121.48317533400007, 14.068661724000037]]]}}, {"type": "Feature", "properties": {"code": "PH0403418", "name": "Paete", "level": "municipality"}, "geometry": {"type": "Polygon", "coordinates": [[[121.56060853700001, 14.412860440000031], [121.58534580100002, 14.357021670000051], [121.47923246800008, 14.351257862000068], [121.473905994, 14.370641410000076], [121.56060853700001, 14.412860440000031]]]}}, {"type": "Feature", "properties": {"code": "PH0403419", "name": "Pagsanjan", "level": "municipality"}, "geometry": {"type": "Polygon", "coordinates": [[[121.47405839800001, 14.265717572000028], [121.47816078800008, 14.221267222000051], [121.46121937600003, 14.223621360000038], [121.45892766200006, 14.240124194000032], [121.41102453700012, 14.226951626000073], [121.42539515400006, 14.249791290000076], [121.4266448090001, 14.276156324000056], [121.43123079400004, 14.270916815000078], [121.46191415500004, 14.283264534000068], [121.4617455990001, 14.27402107000006], [121.47405839800001, 14.265717572000028]]]}}, {"type": "Feature", "properties": {"code": "PH0403420", "name": "Pakil", "level": "municipality"}, "geometry": {"type": "MultiPolygon", "coordinates": [[[[121.56060853700001, 14.412860440000031], [121.48050456400006, 14.372096378000037], [121.473905994, 14.370641410000076], [121.46334550600011, 14.385192033000067], [121.49331855200012, 14.395885286000066], [121.49487787600003, 14.406859159000021], [121.51558296600001, 14.423880894000035], [121.5406136680001, 14.418855528000051], [121.55265448800003, 14.425036912000053], [121.56060853700001, 14.412860440000031]]], [[[121.39214138600005, 14.398560149000048], [121.38607957800002, 14.38984031900003], [121.40976652200004, 14.378432535000059], [121.39804749500001, 14.35055427900005], [121.38042723300009, 14.337941790000059], [121.365349949, 14.355935850000037], [121.3666336340001, 14.407342356000072], [121.3869994480001, 14.411943693000069], [121.39214138600005, 14.398560149000048]]]]}}, {"type": "Feature", "properties": {"code": "PH0403421", "name": "Pangil", "level": "municipality"}, "geometry": {"type": "MultiPolygon", "coordinates": [[[[121.52409879000004, 14.469167303000063], [121.55265448800003, 14.425036912000053], [121.5406136680001, 14.418855528000051], [121.5118525580001, 14.42265640900007], [121.49331855200012, 14.395885286000066], [121.46334550600011, 14.385192033000067], [121.44932084600009, 14.389472177000073], [121.4471119750001, 14.400556958000038], [121.46115229400004, 14.421917503000032], [121.48953984200011, 14.44112541000004], [121.49091490400008, 14.450924774000043], [121.52409879000004, 14.469167303000063]]], [[[121.4065755150001, 14.414557473000059], [121.40982056300004, 14.378432898000028], [121.38567558900002, 14.391565211000056], [121.4065755150001, 14.414557473000059]]]]}}, {"type": "Feature", "properties": {"code": "PH0403422", "name": "Pila", "level": "municipality"}, "geometry": {"type": "Polygon", "coordinates": [[[121.38643161000005, 14.236356167000054], [121.38421127800007, 14.201335830000062], [121.37044934800008, 14.19296205300003], [121.36889827300001, 14.203490741000053], [121.35204657400004, 14.211162261000027], [121.33716733400001, 14.239660694000065], [121.350264734, 14.259664303000022], [121.36718774000008, 14.267649941000059], [121.38643161000005, 14.236356167000054]]]}}, {"type": "Feature", "properties": {"code": "PH0403423", "name": "Rizal", "level": "municipality"}, "geometry": {"type": "Polygon", "coordinates": [[[121.43924250000009, 14.062935025000058], [121.40211055700001, 14.06856188100005], [121.36933033800005, 14.120669836000047], [121.38409511500004, 14.130563778000067], [121.3975459080001, 14.124712287000023], [121.41974175400003, 14.102105613000049], [121.43924250000009, 14.062935025000058]]]}}, {"type": "Feature", "properties": {"code": "PH0403424", "name": "San Pablo City", "level": "municipality"}, "geometry": {"type": "Polygon", "coordinates": [[[121.34516506300008, 14.144926295000062], [121.36342008300005, 14.116502353000044], [121.36956627400002, 14.118781114000058], [121.36475328300003, 14.112609887000076], [121.37798902500003, 14.114143322000075], [121.38121380200005, 14.106138581000039], [121.37409162900008, 14.101164609000023], [121.38760673600007, 14.096127189000072], [121.40211055700001, 14.06856188100005], [121.43090350800003, 14.063428043000044], [121.42471641400005, 14.047622099000023], [121.35080923700002, 14.012048831000072], [121.3293513110001, 13.985808889000054], [121.29882300700001, 13.96993285600007], [121.27842933000011, 13.974127137000039], [121.24647366500005, 13.963490883000077], [121.24809656500008, 13.984388119000073], [121.23926711500008, 13.990509283000051], [121.26414024200005, 14.005210781000073], [121.28146193500004, 14.04864667000004], [121.28842449800004, 14.048852822000072], [121.28729335500009, 14.067590481000025], [121.27254761400002, 14.066273792000061], [121.27438398000004, 14.08740933200005], [121.29727821600011, 14.115731520000054], [121.31754584400005, 14.107215888000042], [121.34516506300008, 14.144926295000062]]]}}, {"type": "Feature", "properties": {"code": "PH0403425", "name": "City of San Pedro", "level": "municipality"}, "geometry": {"type": "Polygon", "coordinates": [[[121.07649749100005, 14.360835636000047], [121.06420350600001, 14.341947249000043], [121.00529610100011, 14.318790294000053], [121.00898090600003, 14.341994256000078], [121.02927848000002, 14.365855122000028], [121.04848403300002, 14.367288803000065], [121.0573845020001, 14.37863958500003], [121.07649749100005, 14.360835636000047]]]}}, {"type": "Feature", "properties": {"code": "PH0403426", "name": "Santa Cruz (Capital)", "level": "municipality"}, "geometry": {"type": "MultiPolygon", "coordinates": [[[[121.41298954600006, 14.305880409000054], [121.41182645600009, 14.304993031000038], [121.41266965600005, 14.306236633000026], [121.41298954600006, 14.305880409000054]]], [[[121.42966543400007, 14.292195821000064], [121.42539515400006, 14.249791290000076], [121.40390503800006, 14.219768061000025], [121.38740690100008, 14.218007693000061], [121.38643161000005, 14.236356167000054], [121.3671845660001, 14.26766266900006], [121.39706485200009, 14.28567382700004], [121.4014501900001, 14.302076895000027], [121.41424428000005, 14.305611869000074], [121.41701809300002, 14.288183656000058], [121.42966543400007, 14.292195821000064]]]]}}, {"type": "Feature", "properties": {"code": "PH0403427", "name": "Santa Maria", "level": "municipality"}, "geometry": {"type": "Polygon", "coordinates": [[[121.4862675490001, 14.540874504000044], [121.46675625400007, 14.517542649000063], [121.457564606, 14.489918375000059], [121.46588458600002, 14.482099239000036], [121.45699743700004, 14.481993372000034], [121.46162778500002, 14.472801786000048], [121.44699290200003, 14.46380821200006], [121.44394635000003, 14.45225055700007], [121.37619811400009, 14.46422466200005], [121.3617534770001, 14.477181419000033], [121.37689814100008, 14.509387487000026], [121.376248153, 14.524600794000037], [121.38896030900003, 14.539351052000029], [121.44798978300003, 14.544977906000042], [121.43893810000009, 14.559513501000026], [121.44972639700006, 14.570188269000028], [121.44111363900004, 14.587291411000024], [121.45200518700005, 14.595771359000025], [121.4862675490001, 14.540874504000044]]]}}, {"type": "Feature", "properties": {"code": "PH0403428", "name": "City of Santa Rosa", "level": "municipality"}, "geometry": {"type": "Polygon", "coordinates": [[[121.13056747300004, 14.298400536000031], [121.11409382200009, 14.273310647000073], [121.11886768700003, 14.254830490000074], [121.10976099700008, 14.240730476000067], [121.05282869100006, 14.21626380400005], [121.04637207600001, 14.227756415000044], [121.05404045000012, 14.255898346000038], [121.090895122, 14.291319731000044], [121.08874868600003, 14.317428191000033], [121.09983031200011, 14.336565695000047], [121.1147152850001, 14.329603632000044], [121.13056747300004, 14.298400536000031]]]}}, {"type": "Feature", "properties": {"code": "PH0403429", "name": "Siniloan", "level": "municipality"}, "geometry": {"type": "Polygon", "coordinates": [[[121.55047443400008, 14.492387305000022], [121.49091490400008, 14.450924774000043], [121.48953984200011, 14.44112541000004], [121.47490781300007, 14.43511488400003], [121.44128021300003, 14.396980874000064], [121.44248095700004, 14.415503357000034], [121.43412495300004, 14.426390470000058], [121.45114633500009, 14.43091522800006], [121.45731751400001, 14.454083281000067], [121.4828730370001, 14.477645333000055], [121.49798034300011, 14.468306038000037], [121.51999358900002, 14.487339317000021], [121.49757488600005, 14.493596515000036], [121.47764384700008, 14.528002485000059], [121.4811586080001, 14.535665168000037], [121.52956397300011, 14.53286397200003], [121.53463026500003, 14.509421780000025], [121.55047443400008, 14.492387305000022]]]}}, {"type": "Feature", "properties": {"code": "PH0403430", "name": "Victoria", "level": "municipality"}, "geometry": {"type": "MultiPolygon", "coordinates": [[[[121.37044934800008, 14.19296205300003], [121.35145129200009, 14.182349849000047], [121.33515862200011, 14.186503336000044], [121.32677779200003, 14.178149235000035], [121.29986835900002, 14.201107752000041], [121.31573633400001, 14.227904882000075], [121.33751262100009, 14.240287944000045], [121.35204657400004, 14.211162261000027], [121.3707084020001, 14.201661492000028], [121.37044934800008, 14.19296205300003]]], [[[121.31286378300001, 14.224841436000077], [121.31107418800002, 14.224029680000058], [121.31221305200006, 14.225555235000058], [121.31286378300001, 14.224841436000077]]]]}}, {"type": "Feature", "properties": {"code": "PH0405601", "name": "Agdangan", "level": "municipality"}, "geometry": {"type": "Polygon", "coordinates": [[[121.93371160600009, 13.925126224000053], [121.9487582050001, 13.90857068400004], [121.94171605100007, 13.882387427000026], [121.94953597000006, 13.85199784100007], [121.90408100400009, 13.854425168000034], [121.89028125200002, 13.862186997000038], [121.88762978300008, 13.877735819000065], [121.90653267000005, 13.879978190000031], [121.90709214500009, 13.909323221000022], [121.9197626890001, 13.92348381000005], [121.93371160600009, 13.925126224000053]]]}}, {"type": "Feature", "properties": {"code": "PH0405602", "name": "Alabat", "level": "municipality"}, "geometry": {"type": "Polygon", "coordinates": [[[122.06424122700002, 14.127041314000053], [122.0582414270001, 14.122024201000045], [122.07356128100002, 14.100487505000046], [122.06844926000008, 14.096402800000021], [122.07772358200009, 14.071484528000042], [122.07199061800009, 14.058168710000075], [122.05677781000009, 14.064154596000037], [122.0378927050001, 14.09015308000005], [122.0117675350001, 14.095049239000048], [121.97468897600004, 14.122492548000025], [122.00350862900007, 14.146893917000057], [121.9831228600001, 14.181268816000056], [122.00858024600007, 14.171385177000047], [122.02140456000006, 14.153037161000043], [122.06424122700002, 14.127041314000053]]]}}, {"type": "Feature", "properties": {"code": "PH0405603", "name": "Atimonan", "level": "municipality"}, "geometry": {"type": "Polygon", "coordinates": [[[121.98927759500009, 13.977468980000026], [121.98223857100004, 13.966574305000051], [122.00421183000003, 13.951814729000034], [122.00283326100009, 13.942577927000059], [121.99419850100003, 13.941397386000062], [121.99913720100005, 13.930186922000075], [122.02189856300004, 13.911624458000063], [122.03044132800005, 13.916594794000048], [122.04754694700011, 13.90737899900006], [122.03391271400005, 13.895513249000032], [122.00539613000001, 13.917773972000077], [122.00084780200007, 13.908091201000047], [121.97566718100006, 13.908232550000037], [121.93371160600009, 13.925126224000053], [121.90793198600011, 13.922936138000068], [121.89396677400009, 13.92977624200006], [121.87140393200002, 13.922366130000057], [121.85382866600003, 13.956994155000075], [121.86204629000008, 13.971339373000035], [121.8502661120001, 13.978986989000077], [121.83886593900002, 13.971434374000069], [121.74018860000001, 14.055376050000064], [121.80612397300001, 14.048523415000034], [121.82161800600011, 14.055774854000049], [121.83253956700003, 14.078073862000053], [121.88321557000006, 14.041682187000049], [121.91785178900011, 14.003223993000063], [121.96006139500003, 13.982684014000029], [121.98927759500009, 13.977468980000026]]]}}, {"type": "Feature", "properties": {"code": "PH0405605", "name": "Buenavista", "level": "municipality"}, "geometry": {"type": "Polygon", "coordinates": [[[122.50998404600011, 13.768092543000023], [122.52343616300004, 13.731784066000046], [122.49000143800004, 13.732850839000037], [122.47973441500005, 13.708758217000025], [122.50120651200007, 13.67107356300005], [122.48913032400003, 13.675693264000074], [122.47785028800001, 13.667179820000058], [122.46335564200001, 13.678368662000025], [122.45758329700004, 13.674858262000043], [122.45347031800009, 13.693294562000062], [122.43474440800003, 13.696917803000076], [122.41499266700009, 13.688576389000048], [122.4227966740001, 13.672184554000069], [122.41133695400003, 13.67371982700007], [122.4003048730001, 13.660564538000074], [122.36459273300011, 13.718106762000048], [122.3637543640001, 13.76760430400003], [122.39408512400007, 13.79358064400003], [122.39459851600009, 13.816908215000069], [122.42886710500011, 13.799994971000046], [122.44320631000005, 13.801875110000026], [122.4776244200001, 13.781554700000072], [122.48816683000007, 13.766596164000077], [122.50998404600011, 13.768092543000023]]]}}, {"type": "Feature", "properties": {"code": "PH0405606", "name": "Burdeos", "level": "municipality"}, "geometry": {"type": "MultiPolygon", "coordinates": [[[[122.01967358700006, 14.805169501000023], [122.02183105300003, 14.783512036000047], [121.99198066300005, 14.780223670000055], [121.96072369700005, 14.781479783000066], [121.91605549100007, 14.839830833000065], [121.92253128900006, 14.944445316000042], [121.93945001300006, 14.96874675600003], [121.94183210300002, 14.991032042000029], [121.97314931200003, 14.972829543000046], [121.97898008600009, 15.038954943000022], [121.9913238360001, 15.045877395000048], [122.02102658400008, 15.027955185000053], [122.0069906220001, 15.006867644000067], [122.03554341800009, 15.012890467000034], [122.04977695800005, 15.005653363000022], [122.05586103600001, 14.971731886000043], [122.05439659800004, 14.95185271400004], [122.03121225600012, 14.991962071000046], [122.00672391400008, 14.985719781000057], [121.99126919100001, 14.957719172000054], [121.99776298600011, 14.951666298000077], [122.01919169300004, 14.967738950000069], [122.01105283700008, 14.948343223000052], [122.02116312100009, 14.92107413900004], [121.9918366170001, 14.913770660000068], [121.9794187650001, 14.900598609000042], [121.9715122120001, 14.910313109000072], [121.96571292700003, 14.901377453000066], [121.97175874000004, 14.880213218000051], [121.97651700400002, 14.883286702000078], [121.96826421500009, 14.866686040000047], [121.98011458000008, 14.859777339000061], [121.98103990800007, 14.84148502000005], [121.99581594300003, 14.830976508000049], [122.00976815400008, 14.832723912000063], [122.00741026500009, 14.821530708000068], [122.02328579800007, 14.809397940000053], [122.01967358700006, 14.805169501000023]]], [[[121.98095195700012, 15.042438429000072], [121.98261259900005, 15.04226423700004], [121.98153436700011, 15.041634547000058], [121.98095195700012, 15.042438429000072]]], [[[121.9802247660001, 15.041109878000043], [121.97945484800005, 15.041221380000025], [121.98089916600009, 15.042037705000041], [121.9802247660001, 15.041109878000043]]], [[[122.02814169800001, 15.015002048000042], [122.03069496600006, 15.017896002000043], [122.03270945100007, 15.015875703000063], [122.02814169800001, 15.015002048000042]]], [[[122.15646514600007, 14.950714391000076], [122.16089045400008, 14.938052751000043], [122.14898056400011, 14.922107674000074], [122.13846385800002, 14.925183263000065], [122.15646514600007, 14.950714391000076]]], [[[122.1510288070001, 14.950208881000037], [122.15063282400001, 14.950439083000049], [122.1511071750001, 14.950456019000057], [122.1510288070001, 14.950208881000037]]], [[[122.06144231500002, 14.949731051000072], [122.06313069200007, 14.946640933000026], [122.06025365400001, 14.948580348000064], [122.06144231500002, 14.949731051000072]]], [[[122.05356365900002, 14.929189067000038], [122.0464896420001, 14.930636439000068], [122.05406862100006, 14.933329221000065], [122.05356365900002, 14.929189067000038]]], [[[122.17630704300007, 14.924778626000034], [122.18026355000006, 14.931440954000038], [122.18405670700008, 14.92488703600003], [122.17630704300007, 14.924778626000034]]], [[[122.1828315570001, 14.923580713000035], [122.18426801800001, 14.924083276000033], [122.18303966700012, 14.923134613000059], [122.1828315570001, 14.923580713000035]]], [[[122.18277392100003, 14.921601318000057], [122.18499332400006, 14.922053049000056], [122.18391180800006, 14.920385901000031], [122.18277392100003, 14.921601318000057]]], [[[122.18562621700005, 14.918255427000076], [122.18632703600008, 14.918449488000022], [122.18619009400004, 14.917858074000037], [122.18562621700005, 14.918255427000076]]], [[[122.18519542500007, 14.91672754900003], [122.18768167600001, 14.914762675000077], [122.1869704830001, 14.912936486000035], [122.18519542500007, 14.91672754900003]]], [[[122.15428886200004, 14.912937140000054], [122.15214532000005, 14.895142710000073], [122.1418779060001, 14.895836721000023], [122.1413236510001, 14.913475447000053], [122.15428886200004, 14.912937140000054]]], [[[122.04005905600002, 14.915661119000049], [122.03157330500005, 14.912988964000021], [122.02812441300011, 14.914101337000034], [122.04005905600002, 14.915661119000049]]], [[[122.15502554000011, 14.90962277400007], [122.15530976000002, 14.909792786000025], [122.15521346300011, 14.909468022000055], [122.15502554000011, 14.90962277400007]]], [[[122.01584749300002, 14.893725134000022], [122.00538581500007, 14.90108088200003], [122.02317903800008, 14.903966137000054], [122.01584749300002, 14.893725134000022]]], [[[122.11716381000008, 14.903067749000058], [122.1210245530001, 14.89716356200006], [122.11666034200005, 14.894672301000071], [122.11240096200004, 14.89718450600003], [122.11716381000008, 14.903067749000058]]], [[[122.11096934300008, 14.894589413000062], [122.11260128100002, 14.892005378000022], [122.10850083800005, 14.891911961000062], [122.11096934300008, 14.894589413000062]]], [[[122.15710446800006, 14.881710099000031], [122.16503891200011, 14.882212196000069], [122.16051736500003, 14.874638171000072], [122.15710446800006, 14.881710099000031]]], [[[122.01355405400011, 14.879349271000024], [121.99725020300002, 14.878572249000058], [121.99502687000006, 14.880554552000035], [122.00838580100003, 14.883970351000073], [122.01355405400011, 14.879349271000024]]], [[[122.03795522300004, 14.875929851000024], [122.06279965100009, 14.867986400000063], [122.08404121800004, 14.841547391000063], [122.07737488600003, 14.838970793000044], [122.06202992200008, 14.853942716000063], [122.04381354000009, 14.840636150000023], [122.03666818800002, 14.848777421000023], [122.02475787000003, 14.845631652000066], [122.01347826200004, 14.873560644000065], [122.02441859700002, 14.878444892000061], [122.02678783100009, 14.867754434000062], [122.03795522300004, 14.875929851000024]]], [[[121.99811404900004, 14.849641907000034], [121.9993311500001, 14.849878168000032], [121.99931293700001, 14.849401556000032], [121.99811404900004, 14.849641907000034]]], [[[122.00454097300008, 14.844724632000066], [121.99697699300009, 14.834189676000051], [121.99910216700005, 14.841499534000036], [122.00454097300008, 14.844724632000066]]], [[[122.0154794020001, 14.841163264000045], [122.01499062000005, 14.841833506000057], [122.01569893900012, 14.841529298000069], [122.0154794020001, 14.841163264000045]]], [[[122.02624701800005, 14.806445422000024], [122.02296792800007, 14.801025253000034], [122.02039351300004, 14.805076362000023], [122.02624701800005, 14.806445422000024]]]]}}, {"type": "Feature", "properties": {"code": "PH0405607", "name": "Calauag", "level": "municipality"}, "geometry": {"type": "MultiPolygon", "coordinates": [[[[122.30901167800005, 14.142115554000043], [122.29864779700006, 14.072115583000027], [122.30379789200003, 14.067382637000037], [122.33069755500003, 14.06123261700003], [122.38376856000002, 14.066641330000039], [122.35872746000007, 14.045398240000054], [122.35322745200006, 14.010249066000029], [122.34200692200011, 13.999632844000075], [122.35478417800005, 13.965951937000057], [122.39220582500002, 13.914257084000042], [122.39046151100001, 13.903254024000034], [122.36978922000003, 13.898504235000075], [122.35674279200009, 13.91418298900004], [122.3460136970001, 13.907060312000056], [122.34592353700009, 13.897683624000024], [122.32599807400004, 13.895790254000076], [122.30652341500002, 13.912109298000075], [122.30085611000004, 13.904914860000076], [122.27966028200001, 13.926911885000038], [122.2668759280001, 13.928063630000054], [122.26045325100006, 13.946824610000021], [122.21541336900009, 13.973352918000046], [122.21522239100011, 13.976928687000054], [122.20467944100005, 13.983354331000044], [122.20057448300008, 13.98959295000003], [122.18123103100004, 13.986809814000026], [122.18277060700007, 13.995124858000054], [122.1951398540001, 13.99651622500005], [122.21127006000006, 13.980886413000064], [122.26543738900011, 13.969767218000072], [122.26923819100011, 13.960505405000049], [122.28295730400009, 13.95783362700007], [122.30205983500002, 13.960455999000033], [122.3067009340001, 13.972328125000047], [122.29340012700004, 13.991450452000038], [122.30166496800007, 14.001192722000042], [122.31665328200006, 13.993114943000023], [122.30948602700005, 14.005512174000046], [122.32287661400005, 14.021720877000064], [122.3111611280001, 14.021475611000028], [122.30794166700002, 14.011269473000027], [122.29001362800011, 14.016900387000021], [122.28864306500009, 14.038387301000057], [122.2788621730001, 14.04359236700003], [122.27601503800008, 14.035615629000063], [122.26878534200011, 14.048494941000058], [122.22778256400011, 14.077238390000048], [122.1999298930001, 14.086332337000044], [122.16460668500008, 14.14070551900005], [122.16572366600008, 14.159448563000069], [122.17616582100004, 14.140516238000032], [122.18927097200003, 14.138553563000073], [122.1826479990001, 14.161953895000067], [122.21485987900007, 14.190045466000072], [122.23340709500008, 14.19416506500005], [122.24532010700011, 14.185958476000053], [122.24250073900009, 14.196493166000039], [122.25121312100009, 14.204742004000025], [122.2456717010001, 14.217679826000051], [122.25411196200002, 14.22610230600003], [122.25030371500009, 14.242292741000028], [122.27323900600004, 14.245691399000066], [122.27715698000009, 14.234632820000058], [122.25926530700008, 14.172867032000056], [122.27377584900012, 14.162103000000059], [122.26571931800004, 14.150345943000048], [122.2675543150001, 14.12383923300007], [122.28808612800003, 14.120310193000023], [122.30901167800005, 14.142115554000043]]], [[[122.1470609480001, 14.173160503000076], [122.14844580500005, 14.174373948000039], [122.15062362600008, 14.169170620000045], [122.1470609480001, 14.173160503000076]]]]}}, {"type": "Feature", "properties": {"code": "PH0405608", "name": "Candelaria", "level": "municipality"}, "geometry": {"type": "Polygon", "coordinates": [[[121.47859448800011, 14.064792674000046], [121.47197441000003, 14.007202664000033], [121.45779145400002, 13.977986001000033], [121.46647282800006, 13.960459741000022], [121.45581955600005, 13.896684933000074], [121.44398598700002, 13.88701401700007], [121.44432219500004, 13.850455741000076], [121.42636320600002, 13.850469845000077], [121.42720971500012, 13.838078787000029], [121.41038544500009, 13.846072469000035], [121.40624113800004, 13.839569586000039], [121.37008137400005, 13.901244150000025], [121.37098128000002, 13.917250812000077], [121.40066449000005, 13.973196815000051], [121.4394186620001, 13.992536888000075], [121.44300124200004, 14.021507823000036], [121.45750238400001, 14.030383681000046], [121.44859950600005, 14.064706856000043], [121.47859448800011, 14.064792674000046]]]}}, {"type": "Feature", "properties": {"code": "PH0405610", "name": "Catanauan", "level": "municipality"}, "geometry": {"type": "Polygon", "coordinates": [[[122.36459273300011, 13.718106762000048], [122.40658230600002, 13.654656423000063], [122.3859068370001, 13.598660879000022], [122.3781673950001, 13.600574215000051], [122.37377629100001, 13.59199290600003], [122.38364122200005, 13.570931792000067], [122.36975076500005, 13.56287620300003], [122.36623832200007, 13.548256811000044], [122.35415702400007, 13.546702779000043], [122.33255830300004, 13.559174807000034], [122.33823192000011, 13.573905616000047], [122.32175913100002, 13.590393050000046], [122.28951051000001, 13.591353171000037], [122.28025184600006, 13.574426499000026], [122.26157914100008, 13.581013356000028], [122.27816140000004, 13.593082125000024], [122.26730774300006, 13.606466247000071], [122.23868457600008, 13.596722236000062], [122.21782780600006, 13.607837682000024], [122.20653631000005, 13.603863575000048], [122.19877336500008, 13.633441525000023], [122.22832030300003, 13.633993976000056], [122.23608733600008, 13.640650496000035], [122.2399377800001, 13.677055840000037], [122.27938466600006, 13.701394648000075], [122.30087028300011, 13.729351789000077], [122.36459273300011, 13.718106762000048]]]}}, {"type": "Feature", "properties": {"code": "PH0405615", "name": "Dolores", "level": "municipality"}, "geometry": {"type": "Polygon", "coordinates": [[[121.40066449000005, 13.973196815000051], [121.34944853000002, 13.987899814000059], [121.34016482200002, 14.003546805000042], [121.41228137000007, 14.039267712000026], [121.43090350800003, 14.063428043000044], [121.44859950600005, 14.064706856000043], [121.45750238400001, 14.030383681000046], [121.44300124200004, 14.021507823000036], [121.4394186620001, 13.992536888000075], [121.40066449000005, 13.973196815000051]]]}}, {"type": "Feature", "properties": {"code": "PH0405616", "name": "General Luna", "level": "municipality"}, "geometry": {"type": "Polygon", "coordinates": [[[122.27495242000009, 13.74842049700004], [122.30087028300011, 13.729351789000077], [122.27938466600006, 13.701394648000075], [122.2399377800001, 13.677055840000037], [122.23608733600008, 13.640650496000035], [122.20523192100006, 13.630594462000033], [122.18116884500012, 13.669253758000025], [122.17390228300007, 13.669701184000076], [122.17301966700006, 13.684827609000024], [122.15338184900008, 13.715534428000069], [122.17064776200004, 13.725888588000032], [122.1907742950001, 13.715030168000055], [122.21293120300004, 13.721218571000065], [122.22203482200007, 13.734648843000059], [122.2337800580001, 13.732695731000035], [122.24617737500012, 13.745195194000075], [122.27495242000009, 13.74842049700004]]]}}, {"type": "Feature", "properties": {"code": "PH0405617", "name": "General Nakar", "level": "municipality"}, "geometry": {"type": "MultiPolygon", "coordinates": [[[[121.65509275700003, 14.776835620000043], [121.63926357900004, 14.764914480000073], [121.633863055, 14.749665941000046], [121.61074155100005, 14.748009403000026], [121.60072965600011, 14.712788988000057], [121.58895972000005, 14.700303916000053], [121.56160118000003, 14.699626993000038], [121.56192791400008, 14.692820034000022], [121.55076450100012, 14.69429033700004], [121.55196252500002, 14.686612087000071], [121.53922588700004, 14.695259427000053], [121.52727209900002, 14.691335572000071], [121.50318307200007, 14.652582050000035], [121.50516996600004, 14.630569353000055], [121.49769297000012, 14.633079114000054], [121.49460805500007, 14.617915974000027], [121.48305269700006, 14.619798295000066], [121.47646457400003, 14.610543551000035], [121.46679153600007, 14.61483105900004], [121.45105053500004, 14.595215478000057], [121.43953569400003, 14.603987708000034], [121.44173702300009, 14.622482465000076], [121.41579713500005, 14.627965106000033], [121.40486651800006, 14.63926604900007], [121.40284518400006, 14.656630550000045], [121.41086405800002, 14.668896700000062], [121.40480679900008, 14.690213882000023], [121.38062866200005, 14.695232352000062], [121.35387583300007, 14.722557836000021], [121.33427652600005, 14.73112584300003], [121.34179742100002, 14.747120400000028], [121.32897826900012, 14.788200564000022], [121.33550040000011, 14.800851961000035], [121.33035662500004, 14.834802543000023], [121.34011224500011, 14.886441354000056], [121.33820501800005, 14.947222596000074], [121.35710532600001, 15.011749193000071], [121.35633009800006, 15.02750039600005], [121.34476914000004, 15.040210904000048], [121.36168856300003, 15.073877483000047], [121.37002309100001, 15.070885085000043], [121.37647404400002, 15.08051352900003], [121.37400455200009, 15.095887405000042], [121.39541639100003, 15.104844096000022], [121.40140165600008, 15.13450335500005], [121.39660814800004, 15.146318106000024], [121.40389057100003, 15.152887102000022], [121.39494846500008, 15.16340654000004], [121.38466816800008, 15.15559758300003], [121.38046702200006, 15.168480773000056], [121.4018443550001, 15.172192895000023], [121.40809682500003, 15.18293699800006], [121.40232335200005, 15.20370125200003], [121.41105774800008, 15.214409501000034], [121.43639828100004, 15.210164684000063], [121.44803852100006, 15.196346930000061], [121.46275567800001, 15.20113282400007], [121.48077723200004, 15.180726719000063], [121.49503484700006, 15.136282644000062], [121.50607427000011, 15.055111064000073], [121.54391060400008, 15.01029205900005], [121.57296743800009, 14.947826298000052], [121.5816605760001, 14.890369400000054], [121.61360805100003, 14.852944953000076], [121.60167831600006, 14.828407954000056], [121.62416668500009, 14.792952607000075], [121.65509275700003, 14.776835620000043]]], [[[121.65598331100011, 14.779738938000037], [121.65474685200002, 14.778094779000071], [121.65418854500001, 14.778413921000038], [121.65598331100011, 14.779738938000037]]]]}}, {"type": "Feature", "properties": {"code": "PH0405618", "name": "Guinayangan", "level": "municipality"}, "geometry": {"type": "Polygon", "coordinates": [[[122.42633569600002, 14.107850184000029], [122.44230109800003, 14.054321784000024], [122.4307989350001, 14.052348292000033], [122.42324666700006, 14.036682239000072], [122.39988377300006, 14.04169786400007], [122.39953161500011, 14.048817580000048], [122.38103899900011, 14.048161819000029], [122.37293366900008, 14.030487502000028], [122.38026705100003, 14.020754289000024], [122.36990736300004, 14.009677450000027], [122.37212140800011, 13.989488876000053], [122.40442380700006, 13.974283495000066], [122.41843741600007, 13.954437382000037], [122.42265986200005, 13.931205497000064], [122.45130026800007, 13.90575625300005], [122.48558057100001, 13.848358887000074], [122.50826946500001, 13.83561437800006], [122.5093924570001, 13.819671097000025], [122.52434646800009, 13.816693014000066], [122.50983998800007, 13.809699495000075], [122.51445577400011, 13.786023081000053], [122.5035633650001, 13.765172962000065], [122.48816683000007, 13.766596164000077], [122.4776244200001, 13.781554700000072], [122.44320631000005, 13.801875110000026], [122.42886710500011, 13.799994971000046], [122.39459851600009, 13.816908215000069], [122.39931081700001, 13.862356607000038], [122.39220582500002, 13.914257084000042], [122.34554429500008, 13.983544847000076], [122.3420730470001, 14.006002907000038], [122.35322745200006, 14.010249066000029], [122.35872746000007, 14.045398240000054], [122.42633569600002, 14.107850184000029]]]}}, {"type": "Feature", "properties": {"code": "PH0405619", "name": "Gumaca", "level": "municipality"}, "geometry": {"type": "Polygon", "coordinates": [[[122.18935977800004, 13.915509963000034], [122.21095074700008, 13.899261766000052], [122.20680776900008, 13.893454639000026], [122.1934152120001, 13.894744265000043], [122.19192149600008, 13.88805988300004], [122.20768020500009, 13.87039668500006], [122.19600707100005, 13.807625871000027], [122.17504664900002, 13.810311650000074], [122.14589235100004, 13.790698330000055], [122.13533421700004, 13.806437846000051], [122.14147549000006, 13.822411868000074], [122.1323955680001, 13.835941882000043], [122.12352229600003, 13.834952298000076], [122.12239641600002, 13.847703041000045], [122.11301756800003, 13.848285757000042], [122.11848527500001, 13.860620265000023], [122.09133853800006, 13.848654905000046], [122.06470959800004, 13.849548266000056], [122.073067046, 13.826758976000065], [122.06652929800009, 13.821965698000042], [122.05904191100001, 13.828704793000043], [122.05981618900012, 13.849701861000028], [122.04173013100001, 13.866131687000063], [122.04358511100008, 13.88315775600006], [122.02940776200012, 13.896208867000041], [122.04754694700011, 13.90737899900006], [122.03122446600003, 13.929441605000022], [122.03500846000009, 13.937266134000026], [122.02649530200006, 13.953948731000025], [122.09002032000001, 13.93393616700007], [122.09833875600009, 13.922604766000063], [122.11191195200001, 13.92645956900003], [122.1388358050001, 13.912695023000026], [122.1528096400001, 13.920283880000056], [122.18935977800004, 13.915509963000034]]]}}, {"type": "Feature", "properties": {"code": "PH0405620", "name": "Infanta", "level": "municipality"}, "geometry": {"type": "MultiPolygon", "coordinates": [[[[121.65736921300004, 14.778341663000049], [121.6575444240001, 14.778981670000064], [121.65823430000012, 14.777114882000035], [121.65736921300004, 14.778341663000049]]], [[[121.6591560810001, 14.683677999000054], [121.61695465900004, 14.682293436000066], [121.58956427700002, 14.69215164800005], [121.55926447800005, 14.658260650000045], [121.4862675490001, 14.540874504000044], [121.45200518700005, 14.595771359000025], [121.46679153600007, 14.61483105900004], [121.47646457400003, 14.610543551000035], [121.48305269700006, 14.619798295000066], [121.49460805500007, 14.617915974000027], [121.49769297000012, 14.633079114000054], [121.50516996600004, 14.630569353000055], [121.50318307200007, 14.652582050000035], [121.52727209900002, 14.691335572000071], [121.53922588700004, 14.695259427000053], [121.55196252500002, 14.686612087000071], [121.55076450100012, 14.69429033700004], [121.56192791400008, 14.692820034000022], [121.56160118000003, 14.699626993000038], [121.58895972000005, 14.700303916000053], [121.60072965600011, 14.712788988000057], [121.61074155100005, 14.748009403000026], [121.633863055, 14.749665941000046], [121.63926357900004, 14.764914480000073], [121.65509275700003, 14.776835620000043], [121.73453133900011, 14.694870344000037], [121.72284223200006, 14.690792121000072], [121.68501290100005, 14.703923616000054], [121.68289149700001, 14.698887666000076], [121.67919227900006, 14.702202490000047], [121.67622551700003, 14.699737651000078], [121.67644908500006, 14.698626576000038], [121.68944514000009, 14.697000734000028], [121.66766726700007, 14.695152585000073], [121.66568220200008, 14.689919230000044], [121.67163012700007, 14.691604229000063], [121.6591560810001, 14.683677999000054]]]]}}, {"type": "Feature", "properties": {"code": "PH0405621", "name": "Jomalig", "level": "municipality"}, "geometry": {"type": "Polygon", "coordinates": [[[122.40355435000004, 14.733756076000077], [122.43444916600004, 14.709688177000032], [122.43616814500001, 14.695244497000033], [122.38707179000005, 14.680441200000075], [122.30658647900009, 14.676466754000046], [122.31378562900011, 14.694873721000022], [122.33369786700007, 14.711425330000054], [122.36001315100009, 14.712290087000042], [122.38174497300008, 14.72964905300006], [122.40355435000004, 14.733756076000077]]]}}, {"type": "Feature", "properties": {"code": "PH0405622", "name": "Lopez", "level": "municipality"}, "geometry": {"type": "MultiPolygon", "coordinates": [[[[122.20898645000011, 13.901904104000039], [122.21048655000004, 13.903107231000035], [122.21094091300006, 13.902663335000057], [122.20898645000011, 13.901904104000039]]], [[[122.21496761900005, 13.944779698000048], [122.21636540100008, 13.942866675000062], [122.2143946330001, 13.943941756000072], [122.21496761900005, 13.944779698000048]]], [[[122.19738003500004, 13.959948065000049], [122.1981516080001, 13.959798395000064], [122.19790669400004, 13.959411765000027], [122.19738003500004, 13.959948065000049]]], [[[122.19414456200002, 13.961503898000046], [122.19480072400006, 13.961246617000029], [122.19399116200009, 13.961216654000054], [122.19414456200002, 13.961503898000046]]], [[[122.1961034950001, 13.990880893000053], [122.26045325100006, 13.946824610000021], [122.2668759280001, 13.928063630000054], [122.27966028200001, 13.926911885000038], [122.30085611000004, 13.904914860000076], [122.30652341500002, 13.912109298000075], [122.32599807400004, 13.895790254000076], [122.34592353700009, 13.897683624000024], [122.3460136970001, 13.907060312000056], [122.35674279200009, 13.91418298900004], [122.36978922000003, 13.898504235000075], [122.38992184200004, 13.904535819000046], [122.39931081700001, 13.862356607000038], [122.39408512400007, 13.79358064400003], [122.36659732200008, 13.775159564000035], [122.35997673400004, 13.75167594800007], [122.3682881420001, 13.73596475200003], [122.36459273300011, 13.718106762000048], [122.29965048000008, 13.729854061000026], [122.19600707100005, 13.807625871000027], [122.20768020500009, 13.87039668500006], [122.19292975400003, 13.893960063000065], [122.20626400000003, 13.893087595000054], [122.2116192100001, 13.902951442000074], [122.23493093700006, 13.896139339000058], [122.24844095200001, 13.933083058000022], [122.23938022400012, 13.945886278000046], [122.22211241800005, 13.942598517000022], [122.19940483300002, 13.960212329000058], [122.18272900200009, 13.984107687000062], [122.1961034950001, 13.990880893000053]]]]}}, {"type": "Feature", "properties": {"code": "PH0405623", "name": "Lucban", "level": "municipality"}, "geometry": {"type": "Polygon", "coordinates": [[[121.56491500300001, 14.15960394900003], [121.6076347290001, 14.159124298000052], [121.60775927500003, 14.139488804000052], [121.63839307, 14.119196120000026], [121.67309038100007, 14.120494946000065], [121.67516082200007, 14.10562541400003], [121.60201552700005, 14.083858715000076], [121.5879808200001, 14.063041777000024], [121.55439479400002, 14.065434297000024], [121.52048693500001, 14.056508894000046], [121.48737778300006, 14.068562180000072], [121.51515174200006, 14.109498573000053], [121.51338978400008, 14.149315080000065], [121.52570335200005, 14.145438421000051], [121.53533726, 14.157077596000022], [121.52542204300005, 14.170365300000071], [121.54371610400005, 14.174902572000065], [121.56491500300001, 14.15960394900003]]]}}, {"type": "Feature", "properties": {"code": "PH0405624", "name": "Lucena City (Capital)", "level": "municipality"}, "geometry": {"type": "Polygon", "coordinates": [[[121.61510595000004, 13.990113159000032], [121.65292469200006, 13.96739604000004], [121.65200837800012, 13.950065967000057], [121.6932419210001, 13.923965428000031], [121.67786587600006, 13.922824267000067], [121.66740528200012, 13.91192562200007], [121.62409398200009, 13.907556578000026], [121.61618174400007, 13.900310894000029], [121.6156239500001, 13.89537848200007], [121.61773246100006, 13.892468864000023], [121.61844822100011, 13.890701264000029], [121.6181869180001, 13.89031540600007], [121.60253540400004, 13.899003583000024], [121.58197765700004, 13.890231707000055], [121.573554392, 13.899745947000042], [121.57266497400008, 13.920795439000074], [121.55469601200002, 13.946192129000053], [121.58492348700008, 13.96952641200005], [121.59329090000006, 13.96474784700007], [121.59989804300005, 13.976628730000073], [121.60675730100002, 13.968682740000077], [121.61510595000004, 13.990113159000032]]]}}, {"type": "Feature", "properties": {"code": "PH0405625", "name": "Macalelon", "level": "municipality"}, "geometry": {"type": "Polygon", "coordinates": [[[122.19600707100005, 13.807625871000027], [122.27495242000009, 13.74842049700004], [122.24617737500012, 13.745195194000075], [122.2337800580001, 13.732695731000035], [122.22203482200007, 13.734648843000059], [122.21293120300004, 13.721218571000065], [122.1907742950001, 13.715030168000055], [122.17053694800006, 13.725888588000032], [122.16246084700003, 13.716656302000047], [122.1503795860001, 13.72029092400004], [122.14274246700006, 13.713403278000044], [122.12919028900001, 13.740318622000075], [122.13214416900007, 13.74186039400007], [122.13295800700007, 13.745300500000042], [122.11671065000007, 13.758783626000024], [122.1539649450001, 13.800955676000058], [122.17504664900002, 13.810311650000074], [122.19600707100005, 13.807625871000027]]]}}, {"type": "Feature", "properties": {"code": "PH0405627", "name": "Mauban", "level": "municipality"}, "geometry": {"type": "MultiPolygon", "coordinates": [[[[121.83228877500005, 14.078139540000052], [121.82567703100005, 14.060358534000045], [121.80612397300001, 14.048523415000034], [121.74190521000003, 14.056684970000049], [121.7544892730001, 14.060963303000051], [121.74513246200002, 14.08293020700006], [121.72146547800003, 14.094370326000046], [121.70971870000005, 14.08790588000005], [121.68229656000005, 14.097952331000045], [121.66442156000005, 14.085330960000022], [121.65695429000004, 14.092905520000045], [121.65765618400007, 14.101296310000066], [121.6713963840001, 14.102049198000032], [121.6756206230001, 14.113407382000048], [121.66574972600006, 14.123130053000068], [121.64514172400004, 14.120246111000029], [121.64694977900001, 14.129372511000042], [121.67332495500011, 14.160572342000023], [121.68045892800001, 14.156936534000067], [121.68267810000009, 14.181562622000058], [121.67477041300003, 14.179352051000023], [121.64574822700001, 14.199271658000043], [121.65032538700007, 14.225399948000074], [121.63412066400008, 14.267710321000038], [121.62574545700011, 14.392501353000057], [121.59878249400003, 14.395479325000053], [121.59814709800003, 14.414351769000064], [121.65213712100001, 14.442300119000038], [121.66133837300004, 14.395025480000072], [121.72766815900002, 14.326294499000028], [121.73461826100004, 14.297661761000029], [121.72858719400006, 14.27405833000006], [121.75827330000004, 14.247258758000044], [121.76170684100009, 14.228713950000042], [121.75240975200006, 14.220012960000076], [121.75390661300003, 14.204293986000039], [121.7338640370001, 14.191214333000062], [121.729639012, 14.177372757000057], [121.7691068360001, 14.123910528000067], [121.83228877500005, 14.078139540000052]]], [[[121.82630932500001, 14.306325829000059], [121.85145168600002, 14.298514331000035], [121.82079319000002, 14.248830264000048], [121.80393840500005, 14.29268184700004], [121.82630932500001, 14.306325829000059]]]]}}, {"type": "Feature", "properties": {"code": "PH0405628", "name": "Mulanay", "level": "municipality"}, "geometry": {"type": "Polygon", "coordinates": [[[122.55510235600002, 13.446350444000075], [122.5173748520001, 13.427702454000041], [122.49032897900008, 13.402988823000044], [122.41329320800003, 13.483941080000022], [122.40185701500002, 13.524247646000049], [122.36669841000003, 13.546575698000026], [122.36975076500005, 13.56287620300003], [122.38364122200005, 13.570931792000067], [122.37377629100001, 13.59199290600003], [122.3781673950001, 13.600574215000051], [122.3859068370001, 13.598660879000022], [122.39655014000004, 13.619143397000073], [122.40372301600007, 13.651040740000042], [122.43926783200004, 13.644753815000058], [122.44803354300007, 13.635341785000037], [122.46582753200005, 13.595027594000044], [122.50032533400008, 13.563145323000072], [122.49468453500003, 13.55469331200004], [122.52434087800009, 13.507935045000067], [122.54265329900011, 13.492431942000053], [122.55510235600002, 13.446350444000075]]]}}, {"type": "Feature", "properties": {"code": "PH0405629", "name": "Padre Burgos", "level": "municipality"}, "geometry": {"type": "MultiPolygon", "coordinates": [[[[121.9197626890001, 13.92348381000005], [121.90709214500009, 13.909323221000022], [121.90639617700003, 13.879847157000029], [121.89708061600004, 13.883583336000072], [121.88902864900001, 13.87718202900004], [121.87032458800002, 13.897299609000072], [121.85532498900011, 13.885209487000054], [121.84922399600009, 13.902283897000075], [121.84449839400008, 13.89083593600003], [121.83500277200005, 13.902701389000072], [121.8254125950001, 13.891714496000077], [121.82892529500009, 13.899353743000063], [121.80962687100009, 13.913554781000073], [121.81843728800004, 13.939529230000062], [121.79969348500003, 13.945679135000034], [121.80017177900004, 13.973334684000065], [121.81425938400002, 13.976838825000073], [121.81970356200009, 13.988250443000027], [121.83886593900002, 13.971434374000069], [121.8502661120001, 13.978986989000077], [121.86204629000008, 13.971339373000035], [121.85382866600003, 13.956994155000075], [121.87140393200002, 13.922366130000057], [121.89396677400009, 13.92977624200006], [121.9197626890001, 13.92348381000005]]], [[[121.80305862300008, 13.941850359000057], [121.80295839600001, 13.941423322000048], [121.80288854300011, 13.941454446000023], [121.80305862300008, 13.941850359000057]]], [[[121.80352195500006, 13.940793364000058], [121.8040505350001, 13.940869016000022], [121.80378799000005, 13.940619974000072], [121.80352195500006, 13.940793364000058]]], [[[121.79942919200005, 13.920998732000044], [121.80193929500001, 13.922062591000042], [121.80308260400011, 13.921666750000043], [121.79942919200005, 13.920998732000044]]], [[[121.78489754200007, 13.909502893000024], [121.79377771500003, 13.911264058000029], [121.80216299500012, 13.898940806000041], [121.79220595600009, 13.880078441000023], [121.7807688480001, 13.879283004000058], [121.79052045500009, 13.90122702900004], [121.78489754200007, 13.909502893000024]]]]}}, {"type": "Feature", "properties": {"code": "PH0405630", "name": "Pagbilao", "level": "municipality"}, "geometry": {"type": "MultiPolygon", "coordinates": [[[[121.74018860000001, 14.055376050000064], [121.81970356200009, 13.988250443000027], [121.81425938400002, 13.976838825000073], [121.80017177900004, 13.973334684000065], [121.79969348500003, 13.945679135000034], [121.78979886200011, 13.949376235000045], [121.78797497200003, 13.939434086000063], [121.74940984000011, 13.969266813000047], [121.71380014400006, 13.970787488000042], [121.70623031800005, 13.958950008000045], [121.70245798700012, 13.964258481000059], [121.70045275900009, 13.964830771000038], [121.68865014100004, 13.94982361500007], [121.70830615300008, 13.922410176000028], [121.69096967300004, 13.919429023000077], [121.69273459800002, 13.926163827000039], [121.65200837800012, 13.950065967000057], [121.65292469200006, 13.96739604000004], [121.63451588900011, 13.983814993000067], [121.65723708400003, 14.018140638000034], [121.68533675000003, 14.027357700000039], [121.70803322400002, 14.046516504000067], [121.72046920000003, 14.044169583000041], [121.74018860000001, 14.055376050000064]]], [[[121.72028074800005, 13.948719954000069], [121.71641381300003, 13.945397735000029], [121.71590236000009, 13.951893277000067], [121.72028074800005, 13.948719954000069]]], [[[121.75396345400009, 13.94399610000005], [121.7536341440001, 13.943619097000067], [121.75346949300001, 13.943871988000069], [121.75396345400009, 13.94399610000005]]], [[[121.7853478400001, 13.910605631000067], [121.77003884500004, 13.895060860000058], [121.75476216000004, 13.891542977000029], [121.75475332400003, 13.88365643800006], [121.74538732400003, 13.888114056000063], [121.73866841300003, 13.90011841300003], [121.74690484400003, 13.910303528000043], [121.73827430500012, 13.919129775000044], [121.75314433100004, 13.923599986000056], [121.74726090000001, 13.94219027400004], [121.79036437000002, 13.93877900900003], [121.7853478400001, 13.910605631000067]]], [[[121.75148656700003, 13.94275109800003], [121.75133265900001, 13.942575350000027], [121.75129582400007, 13.942712248000078], [121.75148656700003, 13.94275109800003]]], [[[121.7793646990001, 13.900589977000038], [121.77778917700005, 13.90091390400005], [121.77857016700011, 13.90182119800005], [121.7793646990001, 13.900589977000038]]], [[[121.77656297900012, 13.899596719000044], [121.77725585100006, 13.899540967000064], [121.77707618900001, 13.899292653000032], [121.77656297900012, 13.899596719000044]]]]}}, {"type": "Feature", "properties": {"code": "PH0405631", "name": "Panukulan", "level": "municipality"}, "geometry": {"type": "MultiPolygon", "coordinates": [[[[121.96968812600005, 15.036895671000025], [121.98144305300002, 15.035775620000038], [121.98157178600002, 15.034831788000076], [121.97314931200003, 14.972829543000046], [121.94183210300002, 14.991032042000029], [121.93945001300006, 14.96874675600003], [121.91945515700002, 14.932756015000052], [121.9199094390001, 14.904371056000059], [121.86556723900003, 14.886346761000027], [121.84977876900007, 14.910001504000036], [121.85465799500003, 14.922056147000035], [121.8344884280001, 14.932074964000037], [121.8341586360001, 14.955635890000053], [121.8233257070001, 14.956326748000038], [121.8331679260001, 14.94694541900003], [121.8311722410001, 14.928795236000042], [121.82201305700005, 14.937401787000056], [121.81385387400007, 14.923732456000039], [121.80508388500004, 14.926710602000071], [121.80142750800007, 14.936142972000027], [121.817967167, 14.97111310300005], [121.81321250400003, 14.98167223400003], [121.82005420900009, 15.002520101000073], [121.83179324900004, 15.003261629000065], [121.82462366200002, 14.99452556500006], [121.83491220400003, 14.995057272000054], [121.83188358000007, 14.98286716900003], [121.84008007700004, 14.988778210000078], [121.83656187100007, 14.996612127000049], [121.83260273500002, 14.997297719000073], [121.83344756300005, 15.003793786000074], [121.8266331000001, 15.011698538000076], [121.83565639300002, 15.005991818000041], [121.82746784200003, 15.02234489500006], [121.83693888200003, 15.03924087200005], [121.85625065200009, 15.039718821000065], [121.85819484600006, 15.027555622000023], [121.86378926500004, 15.031443584000044], [121.86336524400008, 15.02677802900007], [121.86506600900009, 15.02140496800007], [121.86655855800007, 15.021614631000034], [121.86755251800002, 15.030274170000041], [121.88088274600011, 15.031403513000043], [121.88033692800002, 15.036788732000048], [121.89128437500005, 15.027703362000068], [121.89287262500011, 15.036251808000031], [121.90182370000002, 15.035190872000044], [121.93503833900002, 15.058937869000033], [121.93612242600011, 15.039909857000055], [121.94650528800003, 15.042878314000063], [121.94315799800006, 15.054479419000074], [121.95235763800008, 15.057784199000025], [121.97426368000004, 15.05050598300005], [121.96968812600005, 15.036895671000025]]], [[[121.9443541170001, 15.05748221400006], [121.94430172400007, 15.058187447000023], [121.94486347000009, 15.057663016000049], [121.9443541170001, 15.05748221400006]]], [[[121.94667836600001, 15.057229341000038], [121.94721767500005, 15.057807925000077], [121.9472890830001, 15.057320547000074], [121.94667836600001, 15.057229341000038]]], [[[121.97929771100007, 15.041371043000026], [121.9793178870001, 15.040960088000077], [121.9789550810001, 15.041182322000054], [121.97929771100007, 15.041371043000026]]], [[[121.97214746400005, 15.039954573000045], [121.9725413860001, 15.040435850000051], [121.97257565900009, 15.040191226000047], [121.97214746400005, 15.039954573000045]]], [[[121.97873708600002, 15.03860641500006], [121.97915833500008, 15.03833189200003], [121.97900308800001, 15.038288903000023], [121.97873708600002, 15.03860641500006]]]]}}, {"type": "Feature", "properties": {"code": "PH0405632", "name": "Patnanungan", "level": "municipality"}, "geometry": {"type": "MultiPolygon", "coordinates": [[[[122.20497264400001, 14.866460505000077], [122.21168956500003, 14.86589206800005], [122.20510518100002, 14.86552765600004], [122.20497264400001, 14.866460505000077]]], [[[122.20098198300002, 14.867103083000075], [122.19996413700005, 14.866615399000068], [122.19936480500007, 14.868455398000037], [122.20098198300002, 14.867103083000075]]], [[[122.20747656800006, 14.84795161900007], [122.21039945400003, 14.851113200000043], [122.21312316600006, 14.847615063000035], [122.20747656800006, 14.84795161900007]]], [[[122.19495227400012, 14.847837350000077], [122.19349161000002, 14.847052878000056], [122.19353276900006, 14.848239639000042], [122.19495227400012, 14.847837350000077]]], [[[122.18955431900008, 14.845389227000055], [122.18970910200005, 14.846349520000047], [122.1898628020001, 14.845186329000057], [122.18955431900008, 14.845389227000055]]], [[[122.13272101100006, 14.83507055800004], [122.13149547800003, 14.845714568000062], [122.14177291100009, 14.844427843000062], [122.13272101100006, 14.83507055800004]]], [[[122.18866567400005, 14.846300085000053], [122.18828024800007, 14.843795802000045], [122.18706775200008, 14.845794007000052], [122.18866567400005, 14.846300085000053]]], [[[122.2099045220001, 14.842597328000068], [122.21237731600002, 14.833184971000037], [122.19999633300006, 14.813050631000067], [122.19033109800012, 14.811444247000054], [122.19195926600003, 14.805846774000031], [122.23203777700007, 14.785672269000031], [122.24307481700009, 14.794543000000033], [122.26052786700006, 14.785524472000077], [122.25039858100001, 14.77198704400007], [122.2593983800001, 14.759683797000037], [122.25818536100007, 14.727114745000051], [122.24477751600011, 14.720622598000034], [122.24160200100005, 14.737967944000047], [122.22928445800005, 14.750925411000026], [122.18365712200011, 14.767175305000023], [122.14484667200009, 14.794831183000042], [122.10938872100007, 14.803645174000053], [122.09361976900004, 14.842219216000046], [122.10590722000006, 14.834815727000034], [122.12486503600007, 14.841816816000062], [122.13738006900007, 14.828237302000048], [122.18356410700005, 14.84520953200007], [122.19828606600004, 14.830189436000069], [122.2099045220001, 14.842597328000068]]], [[[122.21273417000009, 14.844538256000021], [122.21273433600004, 14.84393241400005], [122.21223737800005, 14.843262709000044], [122.21237246300007, 14.843080499000052], [122.21106968200002, 14.843355991000067], [122.2115724360001, 14.842609194000033], [122.21004332700011, 14.84297189700004], [122.21273417000009, 14.844538256000021]]], [[[122.15142109900012, 14.844081580000022], [122.15237550300003, 14.843843259000039], [122.15152901700003, 14.843520347000037], [122.15142109900012, 14.844081580000022]]], [[[122.14738100900001, 14.83997258900007], [122.15213097200001, 14.841237685000067], [122.1517496570001, 14.840310723000073], [122.14738100900001, 14.83997258900007]]], [[[122.15401934400006, 14.839822519000052], [122.15443095600006, 14.840351411000029], [122.15444231300012, 14.839881752000053], [122.15401934400006, 14.839822519000052]]], [[[122.25320009600011, 14.805592710000042], [122.24715236800012, 14.82536198200006], [122.25088568000001, 14.821184020000032], [122.2584446090001, 14.80902655400007], [122.25320009600011, 14.805592710000042]]], [[[122.26233028500008, 14.803410479000036], [122.26448138300009, 14.804868929000065], [122.26426170900004, 14.802348079000069], [122.26233028500008, 14.803410479000036]]]]}}, {"type": "Feature", "properties": {"code": "PH0405633", "name": "Perez", "level": "municipality"}, "geometry": {"type": "MultiPolygon", "coordinates": [[[[121.89988826600006, 14.242492994000031], [121.90235760200005, 14.242985213000054], [121.90271512800007, 14.242515327000035], [121.89988826600006, 14.242492994000031]]], [[[121.98732315400002, 14.184869560000038], [121.9831228600001, 14.181268816000056], [122.00308161400005, 14.14442907800003], [121.97461881800007, 14.122781505000034], [121.92642382800011, 14.191190359000075], [121.91283270400004, 14.191275464000057], [121.92888247600001, 14.235675481000044], [121.98732315400002, 14.184869560000038]]]]}}, {"type": "Feature", "properties": {"code": "PH0405634", "name": "Pitogo", "level": "municipality"}, "geometry": {"type": "Polygon", "coordinates": [[[122.14589235100004, 13.790698330000055], [122.1386127500001, 13.790426196000055], [122.11679706400002, 13.758666577000042], [122.10137815300004, 13.770157063000056], [122.09861132600008, 13.785267875000045], [122.09065712000006, 13.779775087000075], [122.07701390800003, 13.792385856000067], [122.07413225700009, 13.78035034100003], [122.05422887800012, 13.77537284300007], [122.0229809440001, 13.798260826000046], [122.03499173600005, 13.809670653000069], [122.03319975900001, 13.823881484000026], [122.04936191000002, 13.828515436000032], [122.05536431300004, 13.817912198000045], [122.05814468100004, 13.826633885000035], [122.073067046, 13.826758976000065], [122.06470959800004, 13.849548266000056], [122.09133853800006, 13.848654905000046], [122.11652377900009, 13.861224203000063], [122.11301756800003, 13.848285757000042], [122.12239641600002, 13.847703041000045], [122.12352229600003, 13.834952298000076], [122.1323955680001, 13.835941882000043], [122.14147549000006, 13.822411868000074], [122.13533421700004, 13.806437846000051], [122.14589235100004, 13.790698330000055]]]}}, {"type": "Feature", "properties": {"code": "PH0405635", "name": "Plaridel", "level": "municipality"}, "geometry": {"type": "Polygon", "coordinates": [[[122.02650609400007, 13.953961507000031], [122.0401392980001, 13.915812815000038], [122.02189856300004, 13.911624458000063], [121.99467045600011, 13.935914568000044], [122.0029358480001, 13.942709824000076], [122.00250332600001, 13.955184279000036], [121.98223857100004, 13.967048890000058], [121.98949264600003, 13.977414269000064], [122.02650609400007, 13.953961507000031]]]}}, {"type": "Feature", "properties": {"code": "PH0405636", "name": "Polillo", "level": "municipality"}, "geometry": {"type": "MultiPolygon", "coordinates": [[[[122.02334991200007, 14.785022371000025], [122.02130639300003, 14.764396933000057], [122.02764569300007, 14.761482470000033], [122.02789565300009, 14.729507287000047], [122.03617376600005, 14.712946127000066], [122.02194076500007, 14.702814669000077], [122.01091268000005, 14.67508487400005], [121.97473399700004, 14.641782077000073], [121.9326667900001, 14.627883394000037], [121.91248938700005, 14.644604571000059], [121.90324063300011, 14.706294076000063], [121.90732077000007, 14.724670261000028], [121.91814201200009, 14.70630465000005], [121.93494533300009, 14.706656619000057], [121.93652686100006, 14.729236910000054], [121.9089421540001, 14.803218809000043], [121.89356827800009, 14.812157331000037], [121.87847340200005, 14.83549124800004], [121.86601260900011, 14.886091838000027], [121.9199094390001, 14.904371056000059], [121.91605549100007, 14.839830833000065], [121.96072369700005, 14.781479783000066], [122.02334991200007, 14.785022371000025]]], [[[122.03306771900009, 14.443303122000032], [122.0459397080001, 14.423994328000049], [122.03356016800001, 14.394004495000047], [122.02659820400004, 14.43813127900006], [122.03306771900009, 14.443303122000032]]], [[[122.04700471000001, 14.438380252000059], [122.04726784700006, 14.440354009000032], [122.04764951000004, 14.439111131000061], [122.04700471000001, 14.438380252000059]]], [[[122.04498110500003, 14.438976892000028], [122.0433089070001, 14.438388535000058], [122.04330685000002, 14.439348424000059], [122.04498110500003, 14.438976892000028]]], [[[122.03808209400006, 14.402336712000022], [122.03813434200003, 14.399152767000032], [122.03761940300001, 14.401193166000041], [122.03808209400006, 14.402336712000022]]]]}}, {"type": "Feature", "properties": {"code": "PH0405637", "name": "Quezon", "level": "municipality"}, "geometry": {"type": "MultiPolygon", "coordinates": [[[[122.07315443200002, 14.060598890000051], [122.07772358200009, 14.071484528000042], [122.06844926000008, 14.096402800000021], [122.07356128100002, 14.100487505000046], [122.0582414270001, 14.122024201000045], [122.06424122700002, 14.127041314000053], [122.12790608600005, 14.087178908000055], [122.1393889200001, 14.067521443000032], [122.17125490800004, 14.045838481000033], [122.18973819600001, 14.01007082500007], [122.15871064300006, 14.00131202600005], [122.07315443200002, 14.060598890000051]]], [[[122.07356253500006, 14.058185216000027], [122.07301424200011, 14.060381354000071], [122.07307308100008, 14.060472656000059], [122.07356253500006, 14.058185216000027]]], [[[122.10734486600006, 14.032968698000047], [122.10730829300007, 14.032747726000025], [122.10716770600004, 14.032927789000041], [122.10734486600006, 14.032968698000047]]]]}}, {"type": "Feature", "properties": {"code": "PH0405638", "name": "Real", "level": "municipality"}, "geometry": {"type": "MultiPolygon", "coordinates": [[[[121.61991873200009, 14.68267710400005], [121.61136086400006, 14.676018161000059], [121.60377247200006, 14.65211548800005], [121.61257267200006, 14.611765709000053], [121.60862035700006, 14.599256251000043], [121.6251026540001, 14.567561511000065], [121.62486823800009, 14.516682824000043], [121.64154764000011, 14.488747149000062], [121.65220342600003, 14.442556918000037], [121.59612330000004, 14.40882306900005], [121.59878249400003, 14.395479325000053], [121.62574545700011, 14.392501353000057], [121.63451880200012, 14.289790898000035], [121.60825957700001, 14.29685296200006], [121.57002646300009, 14.398442990000035], [121.52409879000004, 14.469167303000063], [121.55047443400008, 14.492387305000022], [121.53463026500003, 14.509421780000025], [121.52956397300011, 14.53286397200003], [121.4811586080001, 14.535665168000037], [121.5864573240001, 14.689266854000039], [121.61991873200009, 14.68267710400005]]], [[[121.6591560810001, 14.683677999000054], [121.62933098100007, 14.659126463000064], [121.62524427300002, 14.65747417700004], [121.62073278100002, 14.659091056000022], [121.63743510600011, 14.666968516000054], [121.6238138440001, 14.672648258000038], [121.62557713700005, 14.678094767000061], [121.6160895050001, 14.676971990000027], [121.623792621, 14.68499401500003], [121.6591560810001, 14.683677999000054]]]]}}, {"type": "Feature", "properties": {"code": "PH0405639", "name": "Sampaloc", "level": "municipality"}, "geometry": {"type": "Polygon", "coordinates": [[[121.64514172400004, 14.120246111000029], [121.60775927500003, 14.139488804000052], [121.6076347290001, 14.159124298000052], [121.59066469700008, 14.16078265300007], [121.60877174200004, 14.189993190000052], [121.5899512520001, 14.199159350000059], [121.61114569800009, 14.22274420900004], [121.6178985460001, 14.249101967000058], [121.63412066400008, 14.267710321000038], [121.65032538700007, 14.225399948000074], [121.64574822700001, 14.199271658000043], [121.67477041300003, 14.179352051000023], [121.68267810000009, 14.181562622000058], [121.68324358200005, 14.17459593500007], [121.68045892800001, 14.156936534000067], [121.66951793500004, 14.156942599000047], [121.64514172400004, 14.120246111000029]]]}}, {"type": "Feature", "properties": {"code": "PH0405640", "name": "San Andres", "level": "municipality"}, "geometry": {"type": "MultiPolygon", "coordinates": [[[[122.6495392920001, 13.444670402000042], [122.67677651800011, 13.37868201300006], [122.68265131400005, 13.29109399600003], [122.67691000200011, 13.273938676000057], [122.69101056400007, 13.267999849000034], [122.70291340200004, 13.225475459000052], [122.66352590700001, 13.21107921600003], [122.65623141000003, 13.217900309000072], [122.66033646000005, 13.227436656000066], [122.64833548100012, 13.228669641000067], [122.65493235100007, 13.25756524600007], [122.64413169600004, 13.265083256000025], [122.6401625960001, 13.291515006000054], [122.62733347300002, 13.312062666000031], [122.6219420320001, 13.31823147800003], [122.60915099700003, 13.310213468000029], [122.59679204700001, 13.316646112000058], [122.5931143030001, 13.359718290000046], [122.58189143200002, 13.379817027000058], [122.586728676, 13.422256203000074], [122.6495392920001, 13.444670402000042]]], [[[122.71919811700002, 13.323537565000038], [122.71257620100005, 13.327404485000045], [122.7205131280001, 13.365106405000063], [122.72540989700008, 13.331015337000053], [122.71919811700002, 13.323537565000038]]]]}}, {"type": "Feature", "properties": {"code": "PH0405641", "name": "San Antonio", "level": "municipality"}, "geometry": {"type": "Polygon", "coordinates": [[[121.37428327600003, 13.866905087000077], [121.34311968100008, 13.862420722000024], [121.33145150100006, 13.870016755000051], [121.30795183300006, 13.867019690000063], [121.3005168740001, 13.87557799800004], [121.27405599100007, 13.875915683000073], [121.27261323900007, 13.891021864000038], [121.23998049000011, 13.905983693000053], [121.24213681300012, 13.948381851000022], [121.26223797300008, 13.94339578000006], [121.27136913400011, 13.921706294000046], [121.28458657500005, 13.914717042000063], [121.32528683400005, 13.928798738000069], [121.33720179600004, 13.888239222000038], [121.36334109400002, 13.880602529000043], [121.37428327600003, 13.866905087000077]]]}}, {"type": "Feature", "properties": {"code": "PH0405642", "name": "San Francisco (Aurora)", "level": "municipality"}, "geometry": {"type": "Polygon", "coordinates": [[[122.586728676, 13.422256203000074], [122.58189143200002, 13.379817027000058], [122.5931143030001, 13.359718290000046], [122.59679204700001, 13.316646112000058], [122.60915099700003, 13.310213468000029], [122.6219420320001, 13.31823147800003], [122.62733347300002, 13.312062666000031], [122.6401625960001, 13.291515006000054], [122.64413169600004, 13.265083256000025], [122.65493235100007, 13.25756524600007], [122.64833548100012, 13.228669641000067], [122.66033646000005, 13.227436656000066], [122.65623141000003, 13.217900309000072], [122.66352758300002, 13.212138862000074], [122.62421221000011, 13.172307568000065], [122.5990277090001, 13.161969906000024], [122.56464192300007, 13.178826008000044], [122.54063698700008, 13.21836458200005], [122.50325640400001, 13.24616273600003], [122.51404140800003, 13.251625571000034], [122.51085070200008, 13.27148293600004], [122.52325732100007, 13.279990490000046], [122.50999866400002, 13.295377214000041], [122.5216423380001, 13.303479096000046], [122.52304359400011, 13.328390426000055], [122.48925898900006, 13.396465628000044], [122.49418974000002, 13.410937790000048], [122.55510235600002, 13.446350444000075], [122.586728676, 13.422256203000074]]]}}, {"type": "Feature", "properties": {"code": "PH0405644", "name": "San Narciso", "level": "municipality"}, "geometry": {"type": "Polygon", "coordinates": [[[122.50120651200007, 13.67107356300005], [122.49706499000001, 13.646851930000025], [122.54646560900005, 13.600926882000067], [122.5450610800001, 13.582397291000063], [122.57462591100011, 13.574799312000039], [122.63422480100007, 13.528953963000049], [122.6354071830001, 13.515189860000078], [122.61791855800004, 13.513439711000046], [122.58061785400002, 13.562793371000055], [122.5649292920001, 13.563009350000073], [122.5719740940001, 13.539953964000063], [122.60070454200002, 13.522051275000024], [122.60255800800007, 13.502847802000076], [122.64865226300003, 13.442588890000025], [122.586728676, 13.422256203000074], [122.56017881600008, 13.441267100000061], [122.54265329900011, 13.492431942000053], [122.52434087800009, 13.507935045000067], [122.49468453500003, 13.55469331200004], [122.50032533400008, 13.563145323000072], [122.46582753200005, 13.595027594000044], [122.44803354300007, 13.635341785000037], [122.43926783200004, 13.644753815000058], [122.40372301600007, 13.651040740000042], [122.4003048730001, 13.660564538000074], [122.41133695400003, 13.67371982700007], [122.4227966740001, 13.672184554000069], [122.41499266700009, 13.688576389000048], [122.43474440800003, 13.696917803000076], [122.45347031800009, 13.693294562000062], [122.45758329700004, 13.674858262000043], [122.46335564200001, 13.678368662000025], [122.47785028800001, 13.667179820000058], [122.48913032400003, 13.675693264000074], [122.50120651200007, 13.67107356300005]]]}}, {"type": "Feature", "properties": {"code": "PH0405645", "name": "Sariaya", "level": "municipality"}, "geometry": {"type": "Polygon", "coordinates": [[[121.5121111520001, 14.034472239000024], [121.57266497400008, 13.920795439000074], [121.573554392, 13.899745947000042], [121.58440324300011, 13.890172180000036], [121.57138249400009, 13.883153191000076], [121.57555996400004, 13.875405691000026], [121.57451779400003, 13.87350222300006], [121.57074229600005, 13.88274169500005], [121.49475810400008, 13.852680779000025], [121.47025712100003, 13.835816013000056], [121.4602658880001, 13.816422350000039], [121.45064150500002, 13.820044984000049], [121.44933513900003, 13.830687677000071], [121.44295710200004, 13.824241419000032], [121.42446782000002, 13.832319261000066], [121.4306124310001, 13.836064172000022], [121.42636320600002, 13.850469845000077], [121.44432219500004, 13.850455741000076], [121.44398598700002, 13.88701401700007], [121.45581955600005, 13.896684933000074], [121.46659983500001, 13.964619563000042], [121.45779145400002, 13.977986001000033], [121.4689071790001, 13.99467082800004], [121.47868212900005, 14.06108342400006], [121.5121111520001, 14.034472239000024]]]}}, {"type": "Feature", "properties": {"code": "PH0405646", "name": "Tagkawayan", "level": "municipality"}, "geometry": {"type": "Polygon", "coordinates": [[[122.79251799700012, 14.013752262000025], [122.58387379100009, 13.96181139600003], [122.55090404000009, 13.945773315000054], [122.53697040700001, 13.963727343000073], [122.53031252500011, 13.962686435000023], [122.5254980420001, 13.958068448000063], [122.53368855200006, 13.943965472000059], [122.52470197500008, 13.92274431900006], [122.50846458100011, 13.932826299000055], [122.50946176800005, 13.925841174000027], [122.48423186900004, 13.925406573000032], [122.47416486500003, 13.935867485000074], [122.44882319800001, 13.92607952800006], [122.43776370600006, 13.943419859000073], [122.42148935400007, 13.943531610000036], [122.40442380700006, 13.974283495000066], [122.37383901100009, 13.985960584000054], [122.36990736300004, 14.009677450000027], [122.38026705100003, 14.020754289000024], [122.37293366900008, 14.030487502000028], [122.38181497300002, 14.048827183000071], [122.42324666700006, 14.036682239000072], [122.4307989350001, 14.052348292000033], [122.44230109800003, 14.054321784000024], [122.42633569600002, 14.107850184000029], [122.45199363600011, 14.150213563000023], [122.79251799700012, 14.013752262000025]]]}}, {"type": "Feature", "properties": {"code": "PH0405647", "name": "City of Tayabas", "level": "municipality"}, "geometry": {"type": "Polygon", "coordinates": [[[121.7544892730001, 14.060963303000051], [121.65933509100012, 14.019390545000022], [121.63062309400004, 13.980536982000046], [121.61510595000004, 13.990113159000032], [121.60675730100002, 13.968682740000077], [121.59989804300005, 13.976628730000073], [121.59329090000006, 13.96474784700007], [121.58492348700008, 13.96952641200005], [121.55462055900011, 13.946161810000035], [121.5121111520001, 14.034472239000024], [121.47831013100006, 14.06391719000004], [121.48930185500001, 14.068489433000025], [121.52048693500001, 14.056508894000046], [121.55439479400002, 14.065434297000024], [121.5879808200001, 14.063041777000024], [121.60201552700005, 14.083858715000076], [121.65765618400007, 14.101296310000066], [121.66442156000005, 14.085330960000022], [121.68428355900005, 14.098058313000024], [121.74191099200004, 14.086188810000067], [121.7544892730001, 14.060963303000051]]]}}, {"type": "Feature", "properties": {"code": "PH0405648", "name": "Tiaong", "level": "municipality"}, "geometry": {"type": "Polygon", "coordinates": [[[121.34720911700003, 13.992183135000062], [121.40066449000005, 13.973196815000051], [121.37497253000004, 13.927408084000035], [121.36994805500001, 13.901719100000037], [121.39304880200007, 13.86315892400006], [121.39553095000008, 13.843121780000047], [121.37892195100005, 13.850860930000067], [121.36634766200007, 13.878630480000027], [121.33720179600004, 13.888239222000038], [121.32528683400005, 13.928798738000069], [121.28458657500005, 13.914717042000063], [121.27136913400011, 13.921706294000046], [121.26223797300008, 13.94339578000006], [121.24213681300012, 13.948381851000022], [121.24647366500005, 13.963490883000077], [121.27842933000011, 13.974127137000039], [121.29882300700001, 13.96993285600007], [121.3293513110001, 13.985808889000054], [121.33921670600012, 14.003155518000028], [121.34720911700003, 13.992183135000062]]]}}, {"type": "Feature", "properties": {"code": "PH0405649", "name": "Unisan", "level": "municipality"}, "geometry": {"type": "Polygon", "coordinates": [[[122.00539613000001, 13.917773972000077], [122.04358511100008, 13.88315775600006], [122.04173013100001, 13.866131687000063], [122.05981618900012, 13.849701861000028], [122.06194636400005, 13.82755127300004], [122.05536431300004, 13.817912198000045], [122.04936191000002, 13.828515436000032], [122.03319975900001, 13.823881484000026], [122.03452129200002, 13.808792824000022], [122.01546384400001, 13.800854729000037], [122.00633381000011, 13.809498093000059], [121.98064205300011, 13.805884823000042], [121.97656402000007, 13.820989117000067], [121.9824374640001, 13.829125017000024], [121.97532501800004, 13.84048830200004], [121.96108784600005, 13.839225824000039], [121.94885483400003, 13.85105668500006], [121.94167107500004, 13.886329171000057], [121.9487582050001, 13.90857068400004], [121.94201369900009, 13.917526572000043], [122.00062860000003, 13.908088495000072], [122.00539613000001, 13.917773972000077]]]}}, {"type": "Feature", "properties": {"code": "PH0405801", "name": "Angono", "level": "municipality"}, "geometry": {"type": "Polygon", "coordinates": [[[121.1956145580001, 14.561239108000052], [121.18659879800009, 14.525826168000037], [121.16459744800011, 14.531972231000054], [121.14551088300004, 14.514330107000035], [121.1393416200001, 14.533752162000042], [121.16027291600005, 14.55132218700004], [121.1956145580001, 14.561239108000052]]]}}, {"type": "Feature", "properties": {"code": "PH0405802", "name": "City of Antipolo", "level": "municipality"}, "geometry": {"type": "Polygon", "coordinates": [[[121.30926809400012, 14.760710379000045], [121.31836353100005, 14.744547992000037], [121.32744675000004, 14.666455564000046], [121.31353327000011, 14.647205385000063], [121.31947565000007, 14.606558269000061], [121.30628986400006, 14.608072390000075], [121.29854444800003, 14.622502476000022], [121.28984086900005, 14.619129302000033], [121.28019012900006, 14.63325394900005], [121.25858449200007, 14.623731932000055], [121.24292511200008, 14.62617560600006], [121.26788226800011, 14.591255772000068], [121.23965983200003, 14.589789088000032], [121.21177526100007, 14.570979106000038], [121.20886058600001, 14.575752778000037], [121.20194142000003, 14.563149103000057], [121.16027291600005, 14.55132218700004], [121.1663759270001, 14.564610182000024], [121.15848970800005, 14.586862538000048], [121.1363871320001, 14.600013673000035], [121.12570627600007, 14.595987473000037], [121.13345441000001, 14.612334363000059], [121.10679355400009, 14.618230715000038], [121.11167269900011, 14.636065219000045], [121.13001300700012, 14.634344953000038], [121.1313330050001, 14.653465219000054], [121.14285933200006, 14.642103897000027], [121.18499884100004, 14.666018465000036], [121.2125543730001, 14.663954981000074], [121.21591587900002, 14.688906407000047], [121.23921340000004, 14.706410900000037], [121.24106012100003, 14.727705638000032], [121.25199592400008, 14.740391818000035], [121.24634111500006, 14.743126152000059], [121.24811504000002, 14.762081501000068], [121.2411552740001, 14.759478854000065], [121.23803042500003, 14.766543930000068], [121.30926809400012, 14.760710379000045]]]}}, {"type": "Feature", "properties": {"code": "PH0405803", "name": "Baras", "level": "municipality"}, "geometry": {"type": "Polygon", "coordinates": [[[121.30598436000002, 14.608537793000039], [121.29454126600001, 14.594950401000062], [121.31152364000002, 14.585418342000025], [121.3062686080001, 14.57295173600005], [121.29345976800005, 14.567456315000072], [121.29762432600012, 14.553125392000027], [121.28793981900003, 14.545784677000029], [121.28872223100007, 14.525629152000022], [121.26229870400005, 14.504028454000036], [121.25502992000008, 14.51653235200007], [121.2620784400001, 14.571680182000023], [121.25317471100004, 14.584697371000061], [121.26788226800011, 14.591255772000068], [121.24292511200008, 14.62617560600006], [121.25858449200007, 14.623731932000055], [121.28019012900006, 14.63325394900005], [121.30598436000002, 14.608537793000039]]]}}, {"type": "Feature", "properties": {"code": "PH0405804", "name": "Binangonan", "level": "municipality"}, "geometry": {"type": "MultiPolygon", "coordinates": [[[[121.20766762000005, 14.535486674000026], [121.20246978000011, 14.522915479000062], [121.21162057000004, 14.510747477000052], [121.20389106900006, 14.500137128000063], [121.22012852500006, 14.493712765000055], [121.21293190800009, 14.437442009000051], [121.21744170700003, 14.432224434000034], [121.21694367900011, 14.41135964700004], [121.20609341000011, 14.425176605000047], [121.21322908600007, 14.431458015000032], [121.20045430300001, 14.441145477000077], [121.20300597200003, 14.448250361000078], [121.18277646700005, 14.46428207300005], [121.18476833500006, 14.483051347000071], [121.15166974400006, 14.517946848000065], [121.16459744800011, 14.531972231000054], [121.18659879800009, 14.525826168000037], [121.19275196900003, 14.541406298000027], [121.20766762000005, 14.535486674000026]]], [[[121.20351872000003, 14.431747586000029], [121.20282551100001, 14.431871604000037], [121.20351777300004, 14.431865635000065], [121.20351872000003, 14.431747586000029]]], [[[121.22501106400011, 14.401833348000025], [121.22857973900011, 14.325720500000045], [121.24535834100004, 14.311798036000027], [121.23720929400008, 14.287057657000048], [121.21502813200004, 14.33646331600005], [121.22501106400011, 14.401833348000025]]], [[[121.25946940100005, 14.310880097000052], [121.25797036000006, 14.311688331000028], [121.25966313100002, 14.311869996000041], [121.25946940100005, 14.310880097000052]]], [[[121.2529031790001, 14.303816402000052], [121.25203488600005, 14.303523063000057], [121.25315012200008, 14.30518126100003], [121.2529031790001, 14.303816402000052]]], [[[121.24661657700005, 14.303363596000054], [121.24540532800006, 14.298285111000041], [121.24446556800001, 14.302462942000034], [121.24661657700005, 14.303363596000054]]]]}}, {"type": "Feature", "properties": {"code": "PH0405805", "name": "Cainta", "level": "municipality"}, "geometry": {"type": "Polygon", "coordinates": [[[121.11167269900011, 14.636065219000045], [121.10679355400009, 14.618230715000038], [121.13345441000001, 14.612334363000059], [121.12570627600007, 14.595987473000037], [121.1363871320001, 14.600013673000035], [121.1502719, 14.593133500000022], [121.13215616200011, 14.583534221000036], [121.10868212700007, 14.547775977000072], [121.0958914470001, 14.564003354000022], [121.10905753300005, 14.580946777000065], [121.1016444060001, 14.618594488000042], [121.11167269900011, 14.636065219000045]]]}}, {"type": "Feature", "properties": {"code": "PH0405806", "name": "Cardona", "level": "municipality"}, "geometry": {"type": "MultiPolygon", "coordinates": [[[[121.21007697300001, 14.509812422000039], [121.23975837500006, 14.497932760000026], [121.23181801700002, 14.484581071000036], [121.23508200200001, 14.47308287900006], [121.2203872230001, 14.47389143600003], [121.21758986000009, 14.416261389000056], [121.21293190800009, 14.437442009000051], [121.22012852500006, 14.493712765000055], [121.20389106900006, 14.500137128000063], [121.21007697300001, 14.509812422000039]]], [[[121.23666569000011, 14.488256412000055], [121.23574220900002, 14.488456515000053], [121.23583828700009, 14.488708865000035], [121.23666569000011, 14.488256412000055]]], [[[121.24636789500005, 14.487389036000025], [121.24469074700005, 14.486024334000035], [121.24389410100002, 14.486483030000045], [121.24636789500005, 14.487389036000025]]], [[[121.23817965100011, 14.481202666000058], [121.23786808000011, 14.481301271000063], [121.23786015600001, 14.481575991000057], [121.23817965100011, 14.481202666000058]]], [[[121.23782071400001, 14.480740140000023], [121.23714175200007, 14.480718227000068], [121.23720784400007, 14.481094441000039], [121.23782071400001, 14.480740140000023]]], [[[121.24243183500005, 14.315529783000045], [121.22857973900011, 14.325720500000045], [121.22483352200004, 14.422644497000022], [121.24060655900007, 14.349280514000043], [121.26628327600008, 14.336757668000075], [121.24211410200007, 14.329852956000025], [121.24243183500005, 14.315529783000045]]]]}}, {"type": "Feature", "properties": {"code": "PH0405807", "name": "Jala-jala", "level": "municipality"}, "geometry": {"type": "MultiPolygon", "coordinates": [[[[121.36919831600005, 14.375142206000078], [121.365349949, 14.355935850000037], [121.38049455800001, 14.33794374300004], [121.35853080800007, 14.332750520000047], [121.32442450700012, 14.294713718000025], [121.30865646400002, 14.288267806000022], [121.30495041400002, 14.327248981000025], [121.3201091730001, 14.340966083000069], [121.33062476500004, 14.382008949000067], [121.36919831600005, 14.375142206000078]]], [[[121.30985621200011, 14.280465033000041], [121.30682558300009, 14.282318518000068], [121.30901600900006, 14.28541800100004], [121.30985621200011, 14.280465033000041]]], [[[121.3107205550001, 14.284896736000064], [121.31303878100005, 14.284320348000051], [121.31063435600004, 14.283308872000077], [121.3107205550001, 14.284896736000064]]]]}}, {"type": "Feature", "properties": {"code": "PH0405808", "name": "Rodriguez (Montalban)", "level": "municipality"}, "geometry": {"type": "Polygon", "coordinates": [[[121.33437876000005, 14.768529387000058], [121.30926809400012, 14.760710379000045], [121.23780436700008, 14.766400760000067], [121.24163103900003, 14.759268537000025], [121.24811504000002, 14.762081501000068], [121.24634111500006, 14.743126152000059], [121.25199592400008, 14.740391818000035], [121.24106012100003, 14.727705638000032], [121.23921340000004, 14.706410900000037], [121.21591587900002, 14.688906407000047], [121.21120609600007, 14.703404724000052], [121.20508555000004, 14.698629829000026], [121.19915062100006, 14.704871729000047], [121.13036456800012, 14.71284324900006], [121.12949386600008, 14.729312865000054], [121.11805757700006, 14.729549361000068], [121.11776424000004, 14.746158470000069], [121.1349717920001, 14.776730445000055], [121.12119922200009, 14.77602956000004], [121.10491462400012, 14.762656063000065], [121.09939658100006, 14.76871873400006], [121.13733236200005, 14.803775250000058], [121.15052962900006, 14.801784266000027], [121.16528463600002, 14.823417534000043], [121.2083554830001, 14.817918344000077], [121.22106455700009, 14.81971199000003], [121.22169554600009, 14.834210990000031], [121.25299686000005, 14.829226647000041], [121.33035662500004, 14.834802543000023], [121.33437876000005, 14.768529387000058]]]}}, {"type": "Feature", "properties": {"code": "PH0405809", "name": "Morong", "level": "municipality"}, "geometry": {"type": "Polygon", "coordinates": [[[121.2576238470001, 14.589898967000067], [121.25676295900007, 14.495886769000037], [121.21119054300004, 14.506322202000035], [121.20246978000011, 14.522915479000062], [121.20754130000012, 14.535369711000044], [121.2253284950001, 14.542226268000036], [121.2576238470001, 14.589898967000067]]]}}, {"type": "Feature", "properties": {"code": "PH0405810", "name": "Pililla", "level": "municipality"}, "geometry": {"type": "MultiPolygon", "coordinates": [[[[121.37051031100009, 14.504429723000044], [121.3617534770001, 14.477181419000033], [121.37619811400009, 14.46422466200005], [121.37543300100003, 14.451434985000049], [121.36243190200003, 14.45419388700003], [121.36919831600005, 14.375142206000078], [121.33271178900009, 14.383751965000044], [121.33917394200012, 14.417509664000022], [121.32519509500003, 14.447476062000021], [121.33006855300005, 14.451642811000056], [121.32015789000002, 14.465992352000058], [121.3029606670001, 14.46915457700004], [121.30358830500006, 14.481684810000047], [121.29176929000005, 14.488364907000062], [121.29605705100005, 14.496121197000036], [121.31050190200006, 14.494981824000035], [121.32086885400008, 14.508408063000047], [121.34010228000011, 14.502025199000059], [121.34689990900006, 14.515803152000046], [121.37051031100009, 14.504429723000044]]], [[[121.32350747400005, 14.442515835000052], [121.32287356800009, 14.442160694000052], [121.3230388500001, 14.443003384000065], [121.32350747400005, 14.442515835000052]]]]}}, {"type": "Feature", "properties": {"code": "PH0405811", "name": "San Mateo", "level": "municipality"}, "geometry": {"type": "Polygon", "coordinates": [[[121.12562594200006, 14.717823816000077], [121.14549794400011, 14.708270579000043], [121.16128740700003, 14.71149856900007], [121.20508555000004, 14.698629829000026], [121.21120609600007, 14.703404724000052], [121.21849449600006, 14.676616334000073], [121.2125543730001, 14.663954981000074], [121.18499884100004, 14.666018465000036], [121.14020934100006, 14.642017682000073], [121.13265868300005, 14.647458331000053], [121.13120663300003, 14.667832403000034], [121.10670234300005, 14.675499389000038], [121.11161186300001, 14.695953082000074], [121.12010187400006, 14.698593123000023], [121.11599242800003, 14.709234545000072], [121.12375939200001, 14.707338821000064], [121.12562594200006, 14.717823816000077]]]}}, {"type": "Feature", "properties": {"code": "PH0405812", "name": "Tanay", "level": "municipality"}, "geometry": {"type": "Polygon", "coordinates": [[[121.45105053500004, 14.595215478000057], [121.44111363900004, 14.587291411000024], [121.44972639700006, 14.570188269000028], [121.43893810000009, 14.559513501000026], [121.44798978300003, 14.544977906000042], [121.39764341400007, 14.543620558000043], [121.376248153, 14.524600794000037], [121.37051031100009, 14.504429723000044], [121.34689990900006, 14.515803152000046], [121.34010228000011, 14.502025199000059], [121.32086885400008, 14.508408063000047], [121.31050190200006, 14.494981824000035], [121.29601352700001, 14.496092245000057], [121.29310758400004, 14.483611361000044], [121.28071828400005, 14.484006331000046], [121.27125233000004, 14.505050396000058], [121.28872223100007, 14.525629152000022], [121.28793981900003, 14.545784677000029], [121.29762432600012, 14.553125392000027], [121.29353672600007, 14.567621662000022], [121.3062686080001, 14.57295173600005], [121.31152364000002, 14.585418342000025], [121.29478933500002, 14.595956014000024], [121.31165728100007, 14.612063935000037], [121.319543726, 14.606678629000044], [121.31353327000011, 14.647205385000063], [121.32744675000004, 14.666455564000046], [121.31836353100005, 14.744547992000037], [121.30926809400012, 14.760710379000045], [121.33437876000005, 14.768529387000058], [121.34179742100002, 14.747120400000028], [121.33427652600005, 14.73112584300003], [121.35387583300007, 14.722557836000021], [121.38062866200005, 14.695232352000062], [121.40480679900008, 14.690213882000023], [121.41086405800002, 14.668896700000062], [121.40284518400006, 14.656630550000045], [121.40486651800006, 14.63926604900007], [121.41579713500005, 14.627965106000033], [121.44173702300009, 14.622482465000076], [121.43953569400003, 14.603987708000034], [121.45105053500004, 14.595215478000057]]]}}, {"type": "Feature", "properties": {"code": "PH0405813", "name": "Taytay", "level": "municipality"}, "geometry": {"type": "Polygon", "coordinates": [[[121.16027291600005, 14.55132218700004], [121.12855547900006, 14.528932630000043], [121.12320728300006, 14.534989168000038], [121.11728887400011, 14.515406029000076], [121.10225888600007, 14.517205001000036], [121.10700168300002, 14.54570101400003], [121.14073937, 14.589857980000033], [121.15848970800005, 14.586862538000048], [121.1663759270001, 14.564610182000024], [121.16027291600005, 14.55132218700004]]]}}, {"type": "Feature", "properties": {"code": "PH0405814", "name": "Teresa", "level": "municipality"}, "geometry": {"type": "Polygon", "coordinates": [[[121.25118844300005, 14.585690880000072], [121.21847265500003, 14.536209864000057], [121.19275196900003, 14.541406298000027], [121.1917245190001, 14.55400596800007], [121.20886058600001, 14.575752778000037], [121.21177526100007, 14.570979106000038], [121.23965983200003, 14.589789088000032], [121.25118844300005, 14.585690880000072]]]}}, {"type": "Feature", "properties": {"code": "PH1303901", "name": "City of Manila", "level": "municipality"}, "geometry": {"type": "Polygon", "coordinates": [[[120.94140014700008, 14.634242946000029], [120.99305930000003, 14.635932792000062], [120.98988594100001, 14.62564046500006], [121.02617047000001, 14.593990118000022], [120.99905087700006, 14.56189927500003], [120.98751161400003, 14.558607406000021], [120.9727582050001, 14.583148978000054], [120.96194519000005, 14.583232450000025], [120.96573570500004, 14.587513071000046], [120.96305733500003, 14.59382271800007], [120.95565543000009, 14.572505101000047], [120.95386802400003, 14.591119100000071], [120.96752885900003, 14.595318969000061], [120.96677920700006, 14.596419792000063], [120.9433715880001, 14.594770830000073], [120.93279649300007, 14.602898354000047], [120.95421043900001, 14.601105148000045], [120.94776581500003, 14.607689395000023], [120.94398653000007, 14.617861197000025], [120.95633249800005, 14.600722136000059], [120.9604671830001, 14.600846682000054], [120.95359576700002, 14.625833852000028], [120.95928604800008, 14.629389533000051], [120.94140014700008, 14.634242946000029]]]}}, {"type": "Feature", "properties": {"code": "PH1307401", "name": "City of Mandaluyong", "level": "municipality"}, "geometry": {"type": "Polygon", "coordinates": [[[121.05924493500004, 14.601644073000045], [121.05139764300009, 14.567941174000055], [121.03416050400006, 14.56738795900003], [121.01716439200004, 14.579921177000074], [121.02697250300002, 14.595927154000037], [121.03468091900004, 14.590720646000022], [121.05924493500004, 14.601644073000045]]]}}, {"type": "Feature", "properties": {"code": "PH1307402", "name": "City of Marikina", "level": "municipality"}, "geometry": {"type": "Polygon", "coordinates": [[[121.13107957900002, 14.667950382000072], [121.13001300700012, 14.634344953000038], [121.11358356700009, 14.637900409000054], [121.10495984200008, 14.621358134000047], [121.07553645500002, 14.61968623100006], [121.08976019500005, 14.66251567200004], [121.10554655900012, 14.67508710800007], [121.13107957900002, 14.667950382000072]]]}}, {"type": "Feature", "properties": {"code": "PH1307403", "name": "City of Pasig", "level": "municipality"}, "geometry": {"type": "Polygon", "coordinates": [[[121.10187866500007, 14.620657343000062], [121.11045450000006, 14.592334529000027], [121.10369517200002, 14.593668617000048], [121.10905753300005, 14.580946777000065], [121.0958914470001, 14.564003354000022], [121.10972207600003, 14.546624930000064], [121.1033378410001, 14.531997657000034], [121.09436799700006, 14.546736230000022], [121.06431954100003, 14.551917179000043], [121.0665839290001, 14.559827276000021], [121.05139764300009, 14.567941174000055], [121.05966011600003, 14.59007071800005], [121.08304477700005, 14.590232025000034], [121.08280987, 14.603097099000024], [121.0902267250001, 14.599483759000066], [121.07853067700012, 14.614598889000035], [121.08174247000011, 14.623036486000046], [121.10187866500007, 14.620657343000062]]]}}, {"type": "Feature", "properties": {"code": "PH1307404", "name": "Quezon City", "level": "municipality"}, "geometry": {"type": "Polygon", "coordinates": [[[121.13150281800006, 14.72453338300005], [121.12375939200001, 14.707338821000064], [121.11599242800003, 14.709234545000072], [121.12010187400006, 14.698593123000023], [121.11153847500009, 14.695822613000075], [121.10882057300012, 14.677750007000043], [121.08976019500005, 14.66251567200004], [121.08770942400008, 14.64482326500007], [121.07440579400009, 14.628550651000069], [121.09048821600004, 14.601147797000067], [121.08280987, 14.603097099000024], [121.08304477700005, 14.590232025000034], [121.05728732400007, 14.589617128000043], [121.05924493500004, 14.601644073000045], [121.05003333600007, 14.609656116000053], [121.0377314210001, 14.606288117000076], [121.02362443400011, 14.61382461200003], [121.01915248400007, 14.603180344000066], [120.98988594100001, 14.62564046500006], [121.00032029300007, 14.664603180000029], [121.02457916200001, 14.693333310000071], [121.01443080000001, 14.719158309000022], [121.03966093100007, 14.741331094000031], [121.07503917800011, 14.740194067000061], [121.08593385900008, 14.758682793000048], [121.13398305800001, 14.777684855000075], [121.1182150520001, 14.749510186000066], [121.11805757700006, 14.729549361000068], [121.13150281800006, 14.72453338300005]]]}}, {"type": "Feature", "properties": {"code": "PH1307405", "name": "City of San Juan", "level": "municipality"}, "geometry": {"type": "Polygon", "coordinates": [[[121.05924493500004, 14.601644073000045], [121.03468091900004, 14.590720646000022], [121.01956577300007, 14.602798255000039], [121.0237162630001, 14.613834815000075], [121.05924493500004, 14.601644073000045]]]}}, {"type": "Feature", "properties": {"code": "PH1307501", "name": "Caloocan City", "level": "municipality"}, "geometry": {"type": "MultiPolygon", "coordinates": [[[[121.09950653900012, 14.76920958900007], [121.07503917800011, 14.740194067000061], [121.04083690900006, 14.742111187000035], [121.01443080000001, 14.719158309000022], [121.01467144500009, 14.709301057000062], [121.00024551500007, 14.71425107600004], [121.00704788100006, 14.74578077600006], [121.00086528200006, 14.75352332400007], [121.02402399100004, 14.763034879000031], [121.03047992400002, 14.784200424000062], [121.09950653900012, 14.76920958900007]]], [[[121.02257449100011, 14.690437151000026], [121.00032029300007, 14.664603180000029], [120.99313591600003, 14.636168197000075], [120.96862458700002, 14.63559090800004], [120.96064355100009, 14.643295895000051], [120.96182869100005, 14.659452434000059], [120.98786174400004, 14.662557692000064], [121.00039724400006, 14.66943451800006], [120.99969488700003, 14.68443768800006], [121.01179279600001, 14.682219488000044], [121.01526650800008, 14.692054282000072], [121.02257449100011, 14.690437151000026]]]]}}, {"type": "Feature", "properties": {"code": "PH1307502", "name": "City of Malabon", "level": "municipality"}, "geometry": {"type": "Polygon", "coordinates": [[[120.95312750500011, 14.694240067000067], [120.96485998900005, 14.674997554000072], [120.97395797900003, 14.678134682000064], [120.98618596400001, 14.66870356100003], [120.99614758700011, 14.675312474000066], [121.00039724400006, 14.66943451800006], [120.96182869100005, 14.659452434000059], [120.9622596260001, 14.645016088000034], [120.92350922800006, 14.699165367000035], [120.93012120100002, 14.702222168000048], [120.94533687500007, 14.688489937000043], [120.95312750500011, 14.694240067000067]]]}}, {"type": "Feature", "properties": {"code": "PH1307503", "name": "City of Navotas", "level": "municipality"}, "geometry": {"type": "Polygon", "coordinates": [[[120.91841488700004, 14.712960826000028], [120.95062619300006, 14.654337987000076], [120.96862969400001, 14.63516714800005], [120.95699563500011, 14.633956327000021], [120.94716306800001, 14.636824238000031], [120.95458269800008, 14.636833262000039], [120.94800064600008, 14.652741007000031], [120.90639543200007, 14.700714606000076], [120.91841488700004, 14.712960826000028]]]}}, {"type": "Feature", "properties": {"code": "PH1307504", "name": "City of Valenzuela", "level": "municipality"}, "geometry": {"type": "Polygon", "coordinates": [[[120.98907750300009, 14.757335131000048], [121.00704788100006, 14.74578077600006], [121.00024551500007, 14.71425107600004], [121.01701624600003, 14.708981510000058], [121.02386413900001, 14.690982587000065], [121.01526650800008, 14.692054282000072], [121.01179279600001, 14.682219488000044], [121.00292322100006, 14.686941512000033], [120.98646550000001, 14.668746525000074], [120.97395797900003, 14.678134682000064], [120.96485998900005, 14.674997554000072], [120.92596146500011, 14.734299748000069], [120.94139839400009, 14.737112462000027], [120.9595504240001, 14.719873626000037], [120.97015428600002, 14.721655536000071], [120.98317818500004, 14.725543640000069], [120.97852281100006, 14.734806719000062], [120.98907750300009, 14.757335131000048]]]}}, {"type": "Feature", "properties": {"code": "PH1307601", "name": "City of Las Pi\u00f1as", "level": "municipality"}, "geometry": {"type": "MultiPolygon", "coordinates": [[[[120.97615718600002, 14.489994038000077], [120.97854618400004, 14.488259646000074], [120.97201762700001, 14.481404884000028], [120.97615718600002, 14.489994038000077]]], [[[121.02433824500008, 14.436169403000065], [121.01227971100002, 14.405077597000059], [121.01349824300007, 14.379545585000074], [121.01078450300008, 14.374852788000055], [120.98410719000003, 14.433397659000036], [120.9698520710001, 14.446804095000061], [120.97128743300004, 14.47775443300003], [120.98077125500004, 14.487464576000036], [120.99265172600008, 14.483073540000078], [121.00175103200002, 14.453732070000058], [121.02433824500008, 14.436169403000065]]]]}}, {"type": "Feature", "properties": {"code": "PH1307602", "name": "City of Makati", "level": "municipality"}, "geometry": {"type": "Polygon", "coordinates": [[[121.03416050400006, 14.56738795900003], [121.06700656800001, 14.559267901000055], [121.06091744900004, 14.544062659000076], [121.06692356700012, 14.535837652000055], [121.0589081280001, 14.53119676800003], [121.05590685300001, 14.54216903200006], [121.04699974500011, 14.53548545600006], [121.04639399500002, 14.542844201000037], [121.01198282400003, 14.529814548000047], [120.9988221530001, 14.561716357000023], [121.01537575800012, 14.578190601000074], [121.03416050400006, 14.56738795900003]]]}}, {"type": "Feature", "properties": {"code": "PH1307603", "name": "City of Muntinlupa", "level": "municipality"}, "geometry": {"type": "Polygon", "coordinates": [[[121.05738463300008, 14.466723355000056], [121.05097512300006, 14.397121149000043], [121.0573845020001, 14.37863958500003], [121.04848403300002, 14.367288803000065], [121.02927848000002, 14.365855122000028], [121.01945223300004, 14.353054343000053], [121.00689103200011, 14.353943146000063], [121.00934865700003, 14.39167702900005], [121.02426000000003, 14.437220000000025], [121.04141463600001, 14.44385806200006], [121.04668523600003, 14.467856441000038], [121.05738463300008, 14.466723355000056]]]}}, {"type": "Feature", "properties": {"code": "PH1307604", "name": "City of Para\u00f1aque", "level": "municipality"}, "geometry": {"type": "Polygon", "coordinates": [[[121.0012187530001, 14.506799297000043], [121.04686590800009, 14.500259387000028], [121.04515791100005, 14.452245447000053], [121.0399541700001, 14.44216044500007], [121.02076091300012, 14.43528309800007], [121.0112107970001, 14.452593389000072], [121.00175103200002, 14.453732070000058], [120.99278585100001, 14.482951835000051], [120.97626195400005, 14.49011177400007], [120.9897418380001, 14.502586016000066], [120.97421349700005, 14.508098663000055], [120.97912317700002, 14.52956748500003], [120.99883131400009, 14.532654936000029], [121.0012187530001, 14.506799297000043]]]}}, {"type": "Feature", "properties": {"code": "PH1307605", "name": "Pasay City", "level": "municipality"}, "geometry": {"type": "Polygon", "coordinates": [[[120.98019641200005, 14.563714269000059], [120.99937301800003, 14.561431929000037], [121.01189583200005, 14.52994485000005], [121.0222366910001, 14.530536428000062], [121.03527359300006, 14.506378342000062], [121.0012187530001, 14.506799297000043], [120.99883131400009, 14.532654936000029], [120.97914539700002, 14.529497045000028], [120.97758675000011, 14.555526022000038], [120.98019641200005, 14.563714269000059]]]}}, {"type": "Feature", "properties": {"code": "PH1307606", "name": "Pateros", "level": "municipality"}, "geometry": {"type": "Polygon", "coordinates": [[[121.07805766000001, 14.546894164000037], [121.0719899720001, 14.537816496000062], [121.06091744900004, 14.544062659000076], [121.06616800200004, 14.552377892000038], [121.07805766000001, 14.546894164000037]]]}}, {"type": "Feature", "properties": {"code": "PH1307607", "name": "Taguig City", "level": "municipality"}, "geometry": {"type": "Polygon", "coordinates": [[[121.1033378410001, 14.531997657000034], [121.0861635340001, 14.506183798000052], [121.06932934800011, 14.506686393000052], [121.05933679600003, 14.468330431000027], [121.04668523600003, 14.467856441000038], [121.04686590800009, 14.500259387000028], [121.03654920300005, 14.503924436000034], [121.0222366910001, 14.530536428000062], [121.04639399500002, 14.542844201000037], [121.04699974500011, 14.53548545600006], [121.05590685300001, 14.54216903200006], [121.05973016200005, 14.531029767000064], [121.08102857400002, 14.547530411000025], [121.09436799700006, 14.546736230000022], [121.1033378410001, 14.531997657000034]]]}}]}